Date,Name,Ticker,IndexWeighting
09/04/2026,Nvidia Corp,NVDA,0.0779782848
09/04/2026,Apple Inc.,AAPL,0.0656804226
09/04/2026,Microsoft Corp,MSFT,0.0518787774
09/04/2026,Amazon.com Inc,AMZN,0.0353669302
09/04/2026,Alphabet Inc A,GOOGL,0.0277370376
09/04/2026,Broadcom Inc,AVGO,0.0236825366
09/04/2026,Alphabet Inc C,GOOG,0.0221493218
09/04/2026,Meta Platforms Inc. Class A,META,0.0189298743
09/04/2026,Micron Technology Inc,MU,0.0160226949
09/04/2026,Tesla Inc,TSLA,0.0139318739
09/04/2026,JP Morgan Chase & Co,JPM,0.0134306591
09/04/2026,Berkshire Hathaway B,BRK.B,0.0129657903
09/04/2026,Eli Lilly & Co,LLY,0.0127072010
09/04/2026,Advanced Micro Devices,AMD,0.0108834803
09/04/2026,Johnson & Johnson,JNJ,0.0092596393
09/04/2026,ExxonMobil Holdings Corporation,XOM,0.0092380654
09/04/2026,Visa Inc A,V,0.0087001671
09/04/2026,Intel Corp,INTC,0.0066131742
09/04/2026,Walmart Inc.,WMT,0.0065646217
09/04/2026,Mastercard Inc A,MA,0.0065316718
09/04/2026,AbbVie Inc.,ABBV,0.0063326920
09/04/2026,Cisco Systems Inc,CSCO,0.0060282468
09/04/2026,Bank of America Corp,BAC,0.0057193891
09/04/2026,Costco Wholesale Corp,COST,0.0056780428
09/04/2026,Palantir Technologies Inc. Class A,PLTR,0.0055942323
09/04/2026,Chevron Corp,CVX,0.0054579166
09/04/2026,Lam Research Corp,LRCX,0.0053771027
09/04/2026,Caterpillar Inc,CAT,0.0052395240
09/04/2026,Merck & Co Inc,MRK,0.0051891320
09/04/2026,Applied Materials Inc,AMAT,0.0050434148
09/04/2026,Unitedhealth Group Inc,UNH,0.0050405904
09/04/2026,GE Aerospace,GE,0.0049157771
09/04/2026,Coca-Cola Co,KO,0.0047662040
09/04/2026,Procter & Gamble,PG,0.0047658183
09/04/2026,NetFlix Inc,NFLX,0.0046050242
09/04/2026,Home Depot Inc,HD,0.0044691741
09/04/2026,Goldman Sachs Group Inc,GS,0.0042822092
09/04/2026,Philip Morris International,PM,0.0039759467
09/04/2026,Wells Fargo & Co,WFC,0.0038479465
09/04/2026,RTX Corporation,RTX,0.0037791185
09/04/2026,Palo Alto Networks Inc.,PANW,0.0037773489
09/04/2026,Oracle Corp,ORCL,0.0037655350
09/04/2026,Morgan Stanley,MS,0.0036475827
09/04/2026,Sandisk Corp.,SNDK,0.0036012895
09/04/2026,GE Vernova Inc,GEV,0.0035376177
09/04/2026,KLA Corporation,KLAC,0.0033884205
09/04/2026,Amgen Inc,AMGN,0.0032980092
09/04/2026,Texas Instruments Inc,TXN,0.0032872184
09/04/2026,Citigroup Inc,C,0.0032828527
09/04/2026,Thermo Fisher Scientific,TMO,0.0031878365
09/04/2026,Linde plc,LIN,0.0030859447
09/04/2026,Intl Business Machines Corp,IBM,0.0030854769
09/04/2026,CrowdStrike Holdings Inc.,CRWD,0.0030323367
09/04/2026,Salesforce Inc.,CRM,0.0029638095
09/04/2026,Verizon Communications Inc,VZ,0.0029260518
09/04/2026,Amphenol Corp A,APH,0.0028465984
09/04/2026,Arista Networks Inc,ANET,0.0027964149
09/04/2026,Marvell Technology Inc,MRVL,0.0027355217
09/04/2026,Seagate Technology,STX,0.0026614955
09/04/2026,Abbott Laboratories,ABT,0.0026371393
09/04/2026,PepsiCo Inc,PEP,0.0026290023
09/04/2026,Gilead Sciences Inc,GILD,0.0026200938
09/04/2026,Walt Disney Co,DIS,0.0025558197
09/04/2026,McDonald's Corp,MCD,0.0025390108
09/04/2026,Charles Schwab Corp,SCHW,0.0024970364
09/04/2026,AT&T Inc,T,0.0024937854
09/04/2026,QUALCOMM Inc,QCOM,0.0024856599
09/04/2026,Analog Devices Inc,ADI,0.0024716831
09/04/2026,Deere & Co,DE,0.0024348213
09/04/2026,NextEra Energy Inc,NEE,0.0024315454
09/04/2026,American Express Co,AXP,0.0024260530
09/04/2026,Union Pacific Corp,UNP,0.0024031903
09/04/2026,Boeing Co,BA,0.0023384247
09/04/2026,Welltower Inc,WELL,0.0023300196
09/04/2026,ConocoPhillips,COP,0.0022860294
09/04/2026,Pfizer Inc,PFE,0.0022661978
09/04/2026,BlackRock Inc,BLK,0.0022644250
09/04/2026,Western Digital Corp,WDC,0.0022518845
09/04/2026,Eaton Corp plc,ETN,0.0022296348
09/04/2026,Uber Technologies Inc.,UBER,0.0021553373
09/04/2026,Dell Technologies Inc-C,DELL,0.0021190888
09/04/2026,Booking Holdings Inc,BKNG,0.0020932725
09/04/2026,TJX Cos Inc,TJX,0.0020412782
09/04/2026,ServiceNow Inc.,NOW,0.0020360603
09/04/2026,Vertex Pharmaceuticals Inc,VRTX,0.0019371860
09/04/2026,Newmont Corp,NEM,0.0019111190
09/04/2026,Capital One Financial Corp,COF,0.0019098986
09/04/2026,Bristol-Myers Squibb,BMY,0.0019070425
09/04/2026,S&P Global Inc,SPGI,0.0018793846
09/04/2026,Danaher Corp,DHR,0.0018281788
09/04/2026,ProLogis Inc,PLD,0.0018198079
09/04/2026,Intuitive Surgical Inc,ISRG,0.0018150858
09/04/2026,Progressive Corp,PGR,0.0017880952
09/04/2026,CVS Health Corporation,CVS,0.0017251027
09/04/2026,Chubb Limited,CB,0.0017220515
09/04/2026,Parker-Hannifin Corp,PH,0.0016962555
09/04/2026,Medtronic plc,MDT,0.0016897473
09/04/2026,Corning Inc,GLW,0.0016889271
09/04/2026,Starbucks Corp,SBUX,0.0016640455
09/04/2026,Snowflake Inc. Class A,SNOW,0.0016290869
09/04/2026,Altria Group Inc,MO,0.0016075494
09/04/2026,Accenture plc A,ACN,0.0016021350
09/04/2026,Lowe's Cos Inc,LOW,0.0016003208
09/04/2026,Marathon Petroleum Corp.,MPC,0.0015867560
09/04/2026,The Bank of New York Mellon Corp,BNY,0.0015812832
09/04/2026,Automatic Data Processing,ADP,0.0015509753
09/04/2026,Valero Energy Corp,VLO,0.0015384647
09/04/2026,McKesson Corp,MCK,0.0015253975
09/04/2026,Vertiv Holdings Co,VRT,0.0015059718
09/04/2026,Adobe Inc.,ADBE,0.0015055420
09/04/2026,Lockheed Martin,LMT,0.0014895260
09/04/2026,Stryker Corp,SYK,0.0014617140
09/04/2026,Freeport-McMoRan Inc,FCX,0.0014612436
09/04/2026,Howmet Aerospace Inc.,HWM,0.0014498113
09/04/2026,Phillips 66,PSX,0.0014293891
09/04/2026,Equinix Inc,EQIX,0.0014279633
09/04/2026,CME Group Inc A,CME,0.0014245340
09/04/2026,Blackstone Inc.,BX,0.0014135767
09/04/2026,Southern Co,SO,0.0013881876
09/04/2026,Trane Technologies plc,TT,0.0013837718
09/04/2026,PNC Finl Services Group,PNC,0.0013783746
09/04/2026,US Bancorp,USB,0.0013748092
09/04/2026,Fortinet Inc,FTNT,0.0013602807
09/04/2026,Robinhood Markets Inc A,HOOD,0.0013502442
09/04/2026,Constellation Energy Corp,CEG,0.0013357045
09/04/2026,Comcast Corp A,CMCSA,0.0013190295
09/04/2026,Duke Energy Corp,DUK,0.0013098736
09/04/2026,Quanta Services Inc,PWR,0.0013095372
09/04/2026,Intuit Inc,INTU,0.0012859069
09/04/2026,CSX Corporation,CSX,0.0012831461
09/04/2026,General Dynamics,GD,0.0012749045
09/04/2026,Intercontinental Exchange Inc,ICE,0.0012745343
09/04/2026,The Williams Companies Inc,WMB,0.0012674183
09/04/2026,Marsh,MRSH,0.0012506932
09/04/2026,Cloudflare Inc.-A,NET,0.0012455800
09/04/2026,Elevance Health Inc.,ELV,0.0012367858
09/04/2026,Johnson Controls International plc,JCI,0.0012359011
09/04/2026,3M Co,MMM,0.0012287052
09/04/2026,AppLovin Corporation Class A,APP,0.0012053577
09/04/2026,SLB Limited,SLB,0.0012016679
09/04/2026,Emerson Electric Co,EMR,0.0011962689
09/04/2026,T-Mobile US Inc,TMUS,0.0011805531
09/04/2026,Regeneron Pharmaceuticals Inc,REGN,0.0011559196
09/04/2026,American Tower Corp A,AMT,0.0011450162
09/04/2026,Waste Management Inc,WM,0.0011307404
09/04/2026,Cadence Design Systems Inc,CDNS,0.0011283017
09/04/2026,DoorDash Inc. Class A,DASH,0.0011198273
09/04/2026,General Motors Company,GM,0.0011059230
09/04/2026,Mondelez International Inc,MDLZ,0.0010993815
09/04/2026,Travelers Cos Inc,TRV,0.0010976815
09/04/2026,Motorola Solutions Inc,MSI,0.0010858577
09/04/2026,Cummins Inc,CMI,0.0010814260
09/04/2026,EOG Resources,EOG,0.0010807981
09/04/2026,Sherwin-Williams Co,SHW,0.0010697731
09/04/2026,United Parcel Service Inc B,UPS,0.0010673178
09/04/2026,Airbnb Inc. Class A,ABNB,0.0010627101
09/04/2026,Synopsys Inc,SNPS,0.0010544166
09/04/2026,The Cigna Group,CI,0.0010445049
09/04/2026,Target Corp,TGT,0.0010437938
09/04/2026,KKR & Co Inc,KKR,0.0010409392
09/04/2026,Ross Stores Inc,ROST,0.0010386453
09/04/2026,Moody's Corp,MCO,0.0010363479
09/04/2026,Norfolk Southern Corp,NSC,0.0010341509
09/04/2026,Marriott Intl A,MAR,0.0010293217
09/04/2026,O'Reilly Automotive,ORLY,0.0010179530
09/04/2026,Boston Scientific Corp,BSX,0.0009929640
09/04/2026,Colgate-Palmolive Co,CL,0.0009927545
09/04/2026,Hilton Worldwide Holdings  Inc,HLT,0.0009900533
09/04/2026,FedEx Corp,FDX,0.0009894884
09/04/2026,Ecolab Inc,ECL,0.0009886627
09/04/2026,Illinois Tool Works Inc,ITW,0.0009883734
09/04/2026,Datadog Inc.,DDOG,0.0009845087
09/04/2026,Warner Bros Discovery Inc.,WBD,0.0009785268
09/04/2026,Aon plc,AON,0.0009644086
09/04/2026,Hewlett Packard Enterprise Co,HPE,0.0009642942
09/04/2026,Northrop Grumman Corp,NOC,0.0009609273
09/04/2026,Lumentum Holdings Inc,LITE,0.0009582178
09/04/2026,Cintas Corp,CTAS,0.0009528089
09/04/2026,Simon Property Group A,SPG,0.0009492170
09/04/2026,American Electric Power,AEP,0.0009467496
09/04/2026,Arthur J. Gallagher & Co,AJG,0.0009431716
09/04/2026,Air Products & Chemicals Inc,APD,0.0009376097
09/04/2026,Allstate Corp,ALL,0.0009338595
09/04/2026,Honeywell Intl Inc,HON,0.0009281465
09/04/2026,Bloom Energy Corp,BE,0.0009248365
09/04/2026,Royal Caribbean Group,RCL,0.0009244296
09/04/2026,PACCAR Inc,PCAR,0.0009172154
09/04/2026,Digital Realty Trust,DLR,0.0009156770
09/04/2026,TransDigm Group,TDG,0.0009084139
09/04/2026,Cencora Inc.,COR,0.0008999145
09/04/2026,Truist Financial Corp,TFC,0.0008993511
09/04/2026,United Rentals Inc,URI,0.0008841878
09/04/2026,Baker Hughes Company,BKR,0.0008804378
09/04/2026,CRH Plc,CRH,0.0008802722
09/04/2026,HCA Healthcare Inc,HCA,0.0008789739
09/04/2026,Monster Beverage Corporation,MNST,0.0008744816
09/04/2026,Targa Resources Corp,TRGP,0.0008701110
09/04/2026,Apollo Global Management Inc.,APO,0.0008616281
09/04/2026,Kinder Morgan Inc,KMI,0.0008591944
09/04/2026,Cheniere Energy Inc,LNG,0.0008551804
09/04/2026,TE Connectivity plc,TEL,0.0008511960
09/04/2026,Monolithic Power Systems,MPWR,0.0008403526
09/04/2026,ONEOK Inc,OKE,0.0008402940
09/04/2026,Nucor Corp,NUE,0.0008309622
09/04/2026,Corteva Inc.,CTVA,0.0008212654
09/04/2026,Dominion Energy Inc,D,0.0008092571
09/04/2026,Cardinal Health Inc,CAH,0.0008090855
09/04/2026,W.W. Grainger Inc,GWW,0.0008040465
09/04/2026,NXP Semiconductor NV,NXPI,0.0008039240
09/04/2026,Ford Motor Co,F,0.0007997120
09/04/2026,Realty Income Corp,O,0.0007982423
09/04/2026,Fastenal Co,FAST,0.0007958292
09/04/2026,Comfort Systems USA Inc,FIX,0.0007909551
09/04/2026,Keysight Technologies Inc,KEYS,0.0007842939
09/04/2026,Teradyne Inc,TER,0.0007811216
09/04/2026,Devon Energy Corp,DVN,0.0007744220
09/04/2026,Coherent Corp.,COHR,0.0007706762
09/04/2026,Sempra,SRE,0.0007677873
09/04/2026,AMETEK Inc,AME,0.0007614985
09/04/2026,State Street Corp,STT,0.0007514165
09/04/2026,AFLAC Inc,AFL,0.0007504041
09/04/2026,Carvana Co.-A,CVNA,0.0007467089
09/04/2026,Metlife Inc,MET,0.0007374069
09/04/2026,Delta Air Lines,DAL,0.0007321521
09/04/2026,Edwards Lifesciences Corp,EW,0.0007234598
09/04/2026,Moderna Inc.,MRNA,0.0007183591
09/04/2026,Honeywell Aerospace Inc,HONA,0.0007129473
09/04/2026,Becton Dickinson & Co,BDX,0.0007114242
09/04/2026,Public Storage,PSA,0.0007079170
09/04/2026,Ameriprise Financial Inc,AMP,0.0007042881
09/04/2026,Fifth Third Bancorp,FITB,0.0006950175
09/04/2026,AutoZone Inc,AZO,0.0006869999
09/04/2026,Entergy Corp,ETR,0.0006864670
09/04/2026,PayPal Holdings Inc.,PYPL,0.0006775636
09/04/2026,Rockwell Automation Inc,ROK,0.0006746466
09/04/2026,Humana Inc,HUM,0.0006737790
09/04/2026,Wabtec,WAB,0.0006707761
09/04/2026,Vivmark Residential,VMRK,0.0006687178
09/04/2026,L3Harris Technologies Inc,LHX,0.0006677086
09/04/2026,Chipotle Mexican Grill Inc.,CMG,0.0006626003
09/04/2026,Vistra Corp.,VST,0.0006613557
09/04/2026,Xcel Energy Inc,XEL,0.0006606419
09/04/2026,Strategy Inc-A,MSTR,0.0006602179
09/04/2026,Natera Inc.,NTRA,0.0006568764
09/04/2026,Carrier Global Corp.,CARR,0.0006515375
09/04/2026,AngloGold Ashanti plc,AU,0.0006474158
09/04/2026,NIKE Inc B,NKE,0.0006437454
09/04/2026,Autodesk Inc,ADSK,0.0006430150
09/04/2026,eBay Inc.,EBAY,0.0006416949
09/04/2026,Garmin Ltd,GRMN,0.0006346904
09/04/2026,CIENA Corp,CIEN,0.0006343535
09/04/2026,IQVIA Holdings Inc,IQV,0.0006245990
09/04/2026,Exelon Corp,EXC,0.0006240677
09/04/2026,Republic Services Inc,RSG,0.0006224620
09/04/2026,Keurig Dr Pepper Inc,KDP,0.0006197047
09/04/2026,Ferguson Enterprises Inc.,FERG,0.0006191004
09/04/2026,Block Inc. A,XYZ,0.0006190355
09/04/2026,Ventas Inc,VTR,0.0006133589
09/04/2026,Occidental Petroleum,OXY,0.0006092708
09/04/2026,CBRE Group Inc.,CBRE,0.0006050631
09/04/2026,Nasdaq Inc,NDAQ,0.0006049345
09/04/2026,Agilent Technologies Inc,A,0.0005958438
09/04/2026,Prudential Financial Inc,PRU,0.0005917572
09/04/2026,IDEXX Laboratories Inc,IDXX,0.0005902400
09/04/2026,Revolution Medicines Inc.,RVMD,0.0005865792
09/04/2026,MSCI Inc,MSCI,0.0005830108
09/04/2026,Axon Enterprise Inc,AXON,0.0005808991
09/04/2026,Yum! Brands Inc,YUM,0.0005805471
09/04/2026,Astera Labs Inc.,ALAB,0.0005800033
09/04/2026,Veeva Systems Inc A,VEEV,0.0005772490
09/04/2026,Interactive Brokers Group A,IBKR,0.0005766602
09/04/2026,Roper Technologies Inc,ROP,0.0005744344
09/04/2026,Coinbase Global Inc - Class A,COIN,0.0005739795
09/04/2026,Archer-Daniels-Midland Co,ADM,0.0005699189
09/04/2026,American Intl Group Inc,AIG,0.0005647284
09/04/2026,Flex Ltd,FLEX,0.0005627296
09/04/2026,Waters Corp,WAT,0.0005617709
09/04/2026,Microchip Technology Inc,MCHP,0.0005609407
09/04/2026,Workday Inc. A,WDAY,0.0005574298
09/04/2026,Consolidated Edison Inc,ED,0.0005526054
09/04/2026,Paychex Inc,PAYX,0.0005485140
09/04/2026,Diamondback Energy Inc,FANG,0.0005404492
09/04/2026,Sysco Corp,SYY,0.0005349812
09/04/2026,The Hartford Insurance Group Inc.,HIG,0.0005301309
09/04/2026,Horton D.R. Inc,DHI,0.0005261599
09/04/2026,Take-Two Interactive Software,TTWO,0.0005222820
09/04/2026,Public Service Enterprise Grp,PEG,0.0005132864
09/04/2026,NetApp Inc,NTAP,0.0005118359
09/04/2026,United Airlines Holding Inc,UAL,0.0005052411
09/04/2026,Kenvue Inc.,KVUE,0.0005028702
09/04/2026,Alnylam Pharmaceuticals Inc,ALNY,0.0004965555
09/04/2026,Twilio Inc-A,TWLO,0.0004941958
09/04/2026,M&T Bank Corp,MTB,0.0004908844
09/04/2026,Kimberly-Clark,KMB,0.0004869299
09/04/2026,Iron Mountain Inc,IRM,0.0004859285
09/04/2026,Northern Trust Corp (IL),NTRS,0.0004826658
09/04/2026,Huntington Bancshares Inc.,HBAN,0.0004824802
09/04/2026,EQT Corporation,EQT,0.0004822787
09/04/2026,WEC Energy Group Inc,WEC,0.0004822758
09/04/2026,Arch Capital Group Ltd,ACGL,0.0004770953
09/04/2026,Expedia Group Inc.,EXPE,0.0004769351
09/04/2026,Vulcan Materials Co,VMC,0.0004762681
09/04/2026,Old Dominion Freight Line Inc,ODFL,0.0004754135
09/04/2026,DexCom Inc,DXCM,0.0004740415
09/04/2026,Emcor Group Inc,EME,0.0004684040
09/04/2026,Kroger Co,KR,0.0004644837
09/04/2026,ResMed Inc,RMD,0.0004629347
09/04/2026,Crown Castle Inc.,CCI,0.0004625520
09/04/2026,Illumina Inc,ILMN,0.0004614414
09/04/2026,Steel Dynamics Inc,STLD,0.0004586045
09/04/2026,Jabil Inc,JBL,0.0004579387
09/04/2026,Rocket Lab Corporation,RKLB,0.0004574022
09/04/2026,Biogen Inc,BIIB,0.0004556552
09/04/2026,TechnipFMC plc,FTI,0.0004448893
09/04/2026,Zoetis Inc,ZTS,0.0004441809
09/04/2026,Willis Towers Watson PLC,WTW,0.0004418587
09/04/2026,PG&E Corporation,PCG,0.0004401298
09/04/2026,Centene Corp,CNC,0.0004395306
09/04/2026,Everpure Inc.,P,0.0004388454
09/04/2026,GE Healthcare Technologies Inc.,GEHC,0.0004377825
09/04/2026,Cboe Global Markets Inc,CBOE,0.0004364240
09/04/2026,Halliburton Co,HAL,0.0004328118
09/04/2026,Raymond James Financial Inc,RJF,0.0004321893
09/04/2026,Martin Marietta Materials,MLM,0.0004319966
09/04/2026,Atlassian Corp,TEAM,0.0004229616
09/04/2026,Carnival Corp Ltd.,CCL,0.0004226960
09/04/2026,Citizens Financial Group Inc,CFG,0.0004183240
09/04/2026,Copart Inc,CPRT,0.0004176607
09/04/2026,HP Inc,HPQ,0.0004171965
09/04/2026,MongoDB Inc.,MDB,0.0004141878
09/04/2026,Ares Management Corp,ARES,0.0004131498
09/04/2026,Cognizant Tech Solutions Corp,CTSH,0.0004126664
09/04/2026,Ameren Corp,AEE,0.0004118140
09/04/2026,Extra Space Storage Inc,EXR,0.0004111474
09/04/2026,Dollar General Corp,DG,0.0004100044
09/04/2026,On Semiconductor Corp,ON,0.0004073970
09/04/2026,Roblox Corporation,RBLX,0.0004065176
09/04/2026,ATI Inc.,ATI,0.0004017739
09/04/2026,LPL Investment Holdings,LPLA,0.0004016694
09/04/2026,Okta Inc.,OKTA,0.0003997504
09/04/2026,DTE Energy Co,DTE,0.0003956390
09/04/2026,Teledyne Technologies Inc,TDY,0.0003953924
09/04/2026,Fiserv Inc,FISV,0.0003949963
09/04/2026,Atmos Energy Corp,ATO,0.0003908965
09/04/2026,Casey's General Stores Inc,CASY,0.0003905501
09/04/2026,VICI Properties Inc.,VICI,0.0003882540
09/04/2026,Credo Technology Group Holding Ltd,CRDO,0.0003869430
09/04/2026,American Water Works Co Inc,AWK,0.0003840052
09/04/2026,Live Nation Entertainment Inc.,LYV,0.0003837179
09/04/2026,Insmed Inc,INSM,0.0003825737
09/04/2026,Otis Worldwide Corp,OTIS,0.0003818862
09/04/2026,Corpay Inc.,CPAY,0.0003803539
09/04/2026,Ingersoll Rand Inc.,IR,0.0003800505
09/04/2026,Mettler-Toledo Intl,MTD,0.0003799379
09/04/2026,Zoom Communications Inc.,ZM,0.0003767685
09/04/2026,Synchrony Financial,SYF,0.0003757126
09/04/2026,Labcorp Holdings Inc.,LH,0.0003746265
09/04/2026,Williams-Sonoma Inc,WSM,0.0003742371
09/04/2026,Eversource Energy,ES,0.0003734456
09/04/2026,Cincinnati Financial Corp,CINF,0.0003699022
09/04/2026,PPL Corp,PPL,0.0003691763
09/04/2026,Quest Diagnostics,DGX,0.0003668764
09/04/2026,Dover Corp,DOV,0.0003630046
09/04/2026,Regions Financial Corp,RF,0.0003628146
09/04/2026,Centerpoint Energy Inc,CNP,0.0003626897
09/04/2026,Estee Lauder Cos. A,EL,0.0003589504
09/04/2026,Hershey Foods Corp,HSY,0.0003587085
09/04/2026,nVent Electric plc,NVT,0.0003526589
09/04/2026,Qnity Electronics Inc,Q,0.0003524618
09/04/2026,Xylem Inc,XYL,0.0003511020
09/04/2026,NRG Energy,NRG,0.0003509592
09/04/2026,PPG Industries Inc,PPG,0.0003505593
09/04/2026,Royalty Pharma plc,RPRX,0.0003486956
09/04/2026,Darden Restaurants Inc,DRI,0.0003471689
09/04/2026,Expeditors Intl of WA Inc,EXPD,0.0003451143
09/04/2026,Tapestry Inc,TPR,0.0003448967
09/04/2026,Ulta Beauty Inc,ULTA,0.0003434333
09/04/2026,FirstEnergy Corp,FE,0.0003402863
09/04/2026,Hubbell Inc,HUBB,0.0003402510
09/04/2026,Verisk Analytics Inc,VRSK,0.0003402120
09/04/2026,Smurfit WestRock plc,SW,0.0003359298
09/04/2026,West Pharmaceutical Services Inc,WST,0.0003356785
09/04/2026,VeriSign Inc,VRSN,0.0003343249
09/04/2026,Dollar Tree Inc,DLTR,0.0003326206
09/04/2026,Pulte Group Inc,PHM,0.0003313149
09/04/2026,Veralto Corp,VLTO,0.0003305834
09/04/2026,Carpenter Technology Corp,CRS,0.0003300748
09/04/2026,CoreWeave Inc. Class A,CRWV,0.0003297942
09/04/2026,Omnicom Group,OMC,0.0003290957
09/04/2026,T Rowe Price Group Inc,TROW,0.0003287468
09/04/2026,Expand Energy Corporation,EXE,0.0003273587
09/04/2026,SoFi Technologies Inc.,SOFI,0.0003266408
09/04/2026,Church & Dwight Co,CHD,0.0003263513
09/04/2026,Principal Financial Group,PFG,0.0003205522
09/04/2026,US Foods Holding Corp.,USFD,0.0003202168
09/04/2026,Markel Group Inc.,MKL,0.0003194855
09/04/2026,Tenet Healthcare,THC,0.0003190808
09/04/2026,XPO Inc.,XPO,0.0003168622
09/04/2026,Amrize Ltd,AMRZ,0.0003152717
09/04/2026,Super Micro Computer Inc,SMCI,0.0003113916
09/04/2026,Intl Flavors & Fragrances,IFF,0.0003081068
09/04/2026,F5 Inc.,FFIV,0.0003078904
09/04/2026,STERIS plc,STE,0.0003078448
09/04/2026,Coeur Mining Inc.,CDE,0.0003070950
09/04/2026,First Solar Inc,FSLR,0.0003070356
09/04/2026,Edison Intl,EIX,0.0003053024
09/04/2026,Fidelity National Information,FIS,0.0003026093
09/04/2026,Fair Isaac & Co Inc,FICO,0.0003021618
09/04/2026,Global Payments Inc,GPN,0.0003007175
09/04/2026,Guardant Health Inc.,GH,0.0002991280
09/04/2026,Liberty Formula One-C,FWONK,0.0002991122
09/04/2026,Royal Gold Inc,RGLD,0.0002984535
09/04/2026,Affirm Holdings Inc. Class A,AFRM,0.0002976442
09/04/2026,Incyte Corp,INCY,0.0002972807
09/04/2026,Dow Inc,DOW,0.0002965515
09/04/2026,The Kraft Heinz Company,KHC,0.0002965141
09/04/2026,Entegris Inc,ENTG,0.0002957022
09/04/2026,CMS Energy Corp,CMS,0.0002955738
09/04/2026,Equifax Inc,EFX,0.0002946379
09/04/2026,Packaging Corp of America,PKG,0.0002935982
09/04/2026,Texas Pacific Land Corporation,TPL,0.0002934674
09/04/2026,Curtiss-Wright Corp,CW,0.0002926060
09/04/2026,Amcor plc,AMCR,0.0002917480
09/04/2026,Brown & Brown Inc,BRO,0.0002909608
09/04/2026,United Therapeutics Corp,UTHR,0.0002892695
09/04/2026,Woodward Inc.,WWD,0.0002883086
09/04/2026,First Citizens Bancshares Inc. (NC) A,FCNCA,0.0002874279
09/04/2026,CF Industries Holdings,CF,0.0002863184
09/04/2026,Reliance Inc.,RS,0.0002857483
09/04/2026,KeyCorp,KEY,0.0002856823
09/04/2026,General Mills Inc,GIS,0.0002855947
09/04/2026,Roku Inc Class A,ROKU,0.0002852805
09/04/2026,J.B. Hunt Transport Services,JBHT,0.0002850382
09/04/2026,WR Berkley Corp,WRB,0.0002841880
09/04/2026,Coupang Inc.,CPNG,0.0002833958
09/04/2026,Reddit Inc.,RDDT,0.0002819495
09/04/2026,FTAI Aviation Ltd.,FTAI,0.0002814067
09/04/2026,SBA Communications Corp,SBAC,0.0002808139
09/04/2026,Broadridge Financial Solutions Inc.,BR,0.0002794496
09/04/2026,Nisource Inc,NI,0.0002773396
09/04/2026,Snap On Inc,SNA,0.0002772863
09/04/2026,Intl Paper Co,IP,0.0002755958
09/04/2026,Viatris Inc,VTRS,0.0002747355
09/04/2026,TD SYNNEX Corporation,SNX,0.0002744317
09/04/2026,CDW Corp,CDW,0.0002720709
09/04/2026,Southwest Airlines Co,LUV,0.0002706485
09/04/2026,Genuine Parts Co,GPC,0.0002655897
09/04/2026,Zimmer Biomet Holdings Inc,ZBH,0.0002651642
09/04/2026,Evergy Inc.,EVRG,0.0002626934
09/04/2026,HEICO Corp A,HEI.A,0.0002605528
09/04/2026,Loews Corp,L,0.0002577490
09/04/2026,Permian Resources Corporation,PR,0.0002569559
09/04/2026,Tractor Supply Co,TSCO,0.0002564668
09/04/2026,ITT Inc,ITT,0.0002553011
09/04/2026,Nutanix Inc.A,NTNX,0.0002522715
09/04/2026,Lennar Corp A,LEN,0.0002514296
09/04/2026,DuPont de Nemours Inc.,DD,0.0002512956
09/04/2026,East West Bancorp Inc,EWBC,0.0002503797
09/04/2026,Essex Property Trust,ESS,0.0002502308
09/04/2026,Constellation Brands Inc A,STZ,0.0002498351
09/04/2026,Ovintiv Inc.,OVV,0.0002492595
09/04/2026,Best Buy Co Inc,BBY,0.0002472087
09/04/2026,MACOM Technology Solutions Holdings Inc,MTSI,0.0002466351
09/04/2026,MKS Inc.,MKSI,0.0002457314
09/04/2026,Alliant Energy Corp,LNT,0.0002453500
09/04/2026,Zscaler Inc.,ZS,0.0002442094
09/04/2026,CH Robinson Worldwide Inc,CHRW,0.0002432212
09/04/2026,Charter Communications Inc A,CHTR,0.0002430826
09/04/2026,Flutter Entertainment plc,FLUT,0.0002428805
09/04/2026,Fortive Corp,FTV,0.0002426065
09/04/2026,SS&C Technologies Holdings Inc,SSNC,0.0002421383
09/04/2026,Zebra Technologies Corp,ZBRA,0.0002414829
09/04/2026,Jacobs Solutions Inc.,J,0.0002413235
09/04/2026,WESCO Intl Inc,WCC,0.0002392393
09/04/2026,NVR Inc,NVR,0.0002376004
09/04/2026,Gen Digital Inc.,GEN,0.0002360949
09/04/2026,Nordson Corp,NDSN,0.0002357951
09/04/2026,Jones Lang Lasalle Inc,JLL,0.0002349552
09/04/2026,Leidos Holdings Inc,LDOS,0.0002338982
09/04/2026,Annaly Capital Management Inc.,NLY,0.0002336036
09/04/2026,Ball Corp,BALL,0.0002331994
09/04/2026,Burlington Stores Inc,BURL,0.0002329896
09/04/2026,Weyerhaeuser Co,WY,0.0002319795
09/04/2026,Reinsurance Group of America,RGA,0.0002318966
09/04/2026,IDEX Corp,IEX,0.0002314443
09/04/2026,LyondellBasell Industries N.V.,LYB,0.0002292434
09/04/2026,PTC Inc,PTC,0.0002276503
09/04/2026,AST SpaceMobile Inc,ASTS,0.0002263404
09/04/2026,HF Sinclair Corporation,DINO,0.0002257456
09/04/2026,Bunge Global SA,BG,0.0002253255
09/04/2026,Somnigroup International Inc.,SGI,0.0002247832
09/04/2026,Toast Inc.,TOST,0.0002227994
09/04/2026,Kimco Realty Corp,KIM,0.0002224366
09/04/2026,Lattice Semiconductor Co,LSCC,0.0002219282
09/04/2026,Viking Holdings Ltd,VIK,0.0002214639
09/04/2026,Clean Harbors Inc,CLH,0.0002201503
09/04/2026,Roivant Sciences Ltd.,ROIV,0.0002201171
09/04/2026,WP Carey Inc,WPC,0.0002190930
09/04/2026,Neurocrine Biosciences Inc,NBIX,0.0002187189
09/04/2026,RB Global Inc.,RBA,0.0002175156
09/04/2026,Invitation Homes,INVH,0.0002168470
09/04/2026,Performance Food Group Co,PFGC,0.0002165412
09/04/2026,Jazz Pharmaceuticals plc,JAZZ,0.0002164268
09/04/2026,APi Group Corporation,APG,0.0002157663
09/04/2026,RBC Bearings,RBC,0.0002153773
09/04/2026,TransUnion,TRU,0.0002152426
09/04/2026,Tyler Technologies Inc,TYL,0.0002145324
09/04/2026,Akamai Technologies Inc,AKAM,0.0002137967
09/04/2026,Dynatrace Inc,DT,0.0002137279
09/04/2026,IonQ Inc.,IONQ,0.0002128564
09/04/2026,Pinnacle Financial Partners Inc.,PNFP,0.0002123235
09/04/2026,Lincoln Electric Hldgs,LECO,0.0002116710
09/04/2026,Stanley Black & Decker,SWK,0.0002115296
09/04/2026,APA Corporation,APA,0.0002112880
09/04/2026,Rivian Automotive Inc.,RIVN,0.0002110902
09/04/2026,Rubrik Inc.,RBRK,0.0002106892
09/04/2026,Everest Group Ltd,EG,0.0002106434
09/04/2026,Mid-America Apt Communties,MAA,0.0002087250
09/04/2026,ARAMARK,ARMK,0.0002086691
09/04/2026,Sterling Infrastructure Inc.,STRL,0.0002086398
09/04/2026,Samsara Inc.,IOT,0.0002084303
09/04/2026,Equitable Holdings Inc,EQH,0.0002083717
09/04/2026,Albemarle Corp,ALB,0.0002081423
09/04/2026,Exelixis Inc,EXEL,0.0002072985
09/04/2026,Masco Corp,MAS,0.0002049730
09/04/2026,Invesco Ltd,IVZ,0.0002048859
09/04/2026,Mastec Inc,MTZ,0.0002042527
09/04/2026,Fabrinet,FN,0.0002040097
09/04/2026,Unity Software Inc.,U,0.0002033346
09/04/2026,Revvity Inc.,RVTY,0.0002030342
09/04/2026,Tyson Foods Inc A,TSN,0.0002027445
09/04/2026,BWX Technologies Inc.,BWXT,0.0002017801
09/04/2026,Talen Energy Corp,TLN,0.0002011177
09/04/2026,Healthpeak Properties Inc.,DOC,0.0001989697
09/04/2026,Carlisle Cos,CSL,0.0001986912
09/04/2026,Assurant Inc,AIZ,0.0001978701
09/04/2026,Mueller Industries,MLI,0.0001970001
09/04/2026,Unum Group,UNM,0.0001969131
09/04/2026,RenaissanceRe Hldgs,RNR,0.0001968533
09/04/2026,FedEx Freight Holding Company Inc.,FDXF,0.0001966619
09/04/2026,Host Hotels & Resorts Inc,HST,0.0001962856
09/04/2026,Five Below Inc.,FIVE,0.0001949010
09/04/2026,Charles River Laboratories International Inc.,CRL,0.0001942171
09/04/2026,Hecla Mining Co,HL,0.0001938517
09/04/2026,Trimble Inc,TRMB,0.0001937517
09/04/2026,Borgwarner Inc,BWA,0.0001936161
09/04/2026,Sun Communities,SUI,0.0001933663
09/04/2026,Omega Healthcare Investors,OHI,0.0001930374
09/04/2026,Rocket Companies Inc A,RKT,0.0001926807
09/04/2026,CACI International Inc,CACI,0.0001925358
09/04/2026,Semtech Corp,SMTC,0.0001924539
09/04/2026,Guidewire Software,GWRE,0.0001921699
09/04/2026,Textron Inc,TXT,0.0001921617
09/04/2026,Cooper Companies Inc,COO,0.0001897660
09/04/2026,Ralph Lauren Corp A,RL,0.0001897332
09/04/2026,SiTime Corp,SITM,0.0001896847
09/04/2026,Globe Life Inc.,GL,0.0001891120
09/04/2026,Allegion plc,ALLE,0.0001887077
09/04/2026,Solventum Corp.,SOLV,0.0001886293
09/04/2026,RPM International Inc.,RPM,0.0001882177
09/04/2026,J.M. Smucker Co,SJM,0.0001879239
09/04/2026,Toll Brothers Inc,TOL,0.0001875974
09/04/2026,GoDaddy Inc A,GDDY,0.0001874805
09/04/2026,Avery Dennison Corp,AVY,0.0001871435
09/04/2026,Medpace Holdings Inc.,MEDP,0.0001864528
09/04/2026,Baxter Intl Inc,BAX,0.0001864454
09/04/2026,DocuSign Inc,DOCU,0.0001857613
09/04/2026,Las Vegas Sands,LVS,0.0001849009
09/04/2026,McCormick & Co,MKC,0.0001848696
09/04/2026,DT Midstream Inc,DTM,0.0001846629
09/04/2026,Alcoa Corp,AA,0.0001842958
09/04/2026,Lamar Advertising Co A,LAMR,0.0001834268
09/04/2026,HEICO Corp,HEI,0.0001831335
09/04/2026,Halozyme Therapeutics,HALO,0.0001826659
09/04/2026,Fox Corp A,FOXA,0.0001823875
09/04/2026,Graco Inc,GGG,0.0001806481
09/04/2026,Bridge Biopharma Inc.,BBIO,0.0001802800
09/04/2026,Biomarin Pharmaceutical Inc,BMRN,0.0001797200
09/04/2026,Crown Holdings Inc,CCK,0.0001778391
09/04/2026,HubSpot Inc,HUBS,0.0001772378
09/04/2026,CNH Industrial NV,CNH,0.0001771774
09/04/2026,Penumbra Inc,PEN,0.0001770937
09/04/2026,Manhattan Associates Inc,MANH,0.0001767644
09/04/2026,Costar Group Inc,CSGP,0.0001764091
09/04/2026,Nextpower Inc,NXT,0.0001753461
09/04/2026,Stifel Financial Corp,SF,0.0001747103
09/04/2026,Gartner Inc,IT,0.0001744372
09/04/2026,Texas Roadhouse,TXRH,0.0001741333
09/04/2026,Hasbro Inc,HAS,0.0001738273
09/04/2026,Regency Centers Corp,REG,0.0001733289
09/04/2026,Lennox International Inc,LII,0.0001728455
09/04/2026,Tradeweb Markets Inc.,TW,0.0001722266
09/04/2026,SharkNinja Inc.,SN,0.0001714628
09/04/2026,EchoStar Corp-A,ECHO,0.0001710374
09/04/2026,Elanco Animal Health Inc.,ELAN,0.0001710177
09/04/2026,AGNC Investment Corp,AGNC,0.0001708629
09/04/2026,Ally Financial Inc,ALLY,0.0001704775
09/04/2026,Deckers Outdoor,DECK,0.0001702379
09/04/2026,Carlyle Group Inc.,CG,0.0001701403
09/04/2026,Equity Lifestyle Properties Inc,ELS,0.0001691881
09/04/2026,Encompass Health Corp,EHC,0.0001688504
09/04/2026,Applied Industrial Technologies,AIT,0.0001681742
09/04/2026,DraftKings Inc Class A,DKNG,0.0001664830
09/04/2026,BJ's Wholesale Club Holdings,BJ,0.0001663091
09/04/2026,Gaming & Leisure Properties Inc.,GLPI,0.0001659324
09/04/2026,First Horizon Corp,FHN,0.0001654336
09/04/2026,Essential Utilities Inc,WTRG,0.0001653011
09/04/2026,Pinnacle West Capital (AZ),PNW,0.0001651706
09/04/2026,Jack Henry & Associates Inc.,JKHY,0.0001644820
09/04/2026,TKO Group Holdings Inc.-A,TKO,0.0001637098
09/04/2026,Knight-Swift Transportation Holdings Inc.,KNX,0.0001634905
09/04/2026,Antero Resources Corp,AR,0.0001621231
09/04/2026,Fidelity National Financial Inc,FNF,0.0001618803
09/04/2026,Evercore Inc A,EVR,0.0001610615
09/04/2026,Service Corp Intl,SCI,0.0001585242
09/04/2026,Bio-Techne Corp,TECH,0.0001584920
09/04/2026,Huntington Ingalls Industries Inc.,HII,0.0001574647
09/04/2026,Clorox Co,CLX,0.0001572707
09/04/2026,Owens Corning Inc,OC,0.0001561238
09/04/2026,Skyworks Solutions Inc,SWKS,0.0001555956
09/04/2026,News Corp A,NWSA,0.0001549821
09/04/2026,QXO Inc.,QXO,0.0001547223
09/04/2026,Popular Inc,BPOP,0.0001545278
09/04/2026,Arrow Electronics Inc,ARW,0.0001543428
09/04/2026,Wayfair Inc A,W,0.0001542758
09/04/2026,Watsco Inc,WSO,0.0001541667
09/04/2026,Generac Holdings Inc,GNRC,0.0001541429
09/04/2026,FactSet Research System Inc,FDS,0.0001537459
09/04/2026,Allison Transmission Holdings Inc,ALSN,0.0001521221
09/04/2026,Regal Rexnord Corp,RRX,0.0001515221
09/04/2026,New York Times Co A,NYT,0.0001514663
09/04/2026,UDR Inc,UDR,0.0001503344
09/04/2026,Coca-Cola Consolidated Inc,COKE,0.0001495483
09/04/2026,Advanced Energy Industries Inc.,AEIS,0.0001493044
09/04/2026,Corcept Therapeutics,CORT,0.0001490477
09/04/2026,EastGroup Properties,EGP,0.0001489833
09/04/2026,Franklin Templeton Inc.,BEN,0.0001488127
09/04/2026,Sanmina Corp,SANM,0.0001486711
09/04/2026,Camden Property Trust,CPT,0.0001484805
09/04/2026,Littelfuse Inc,LFUS,0.0001481158
09/04/2026,Moog Inc A,MOG.A,0.0001477293
09/04/2026,Align Technology Inc,ALGN,0.0001476683
09/04/2026,AES Corp,AES,0.0001474134
09/04/2026,SouthState Bank Corporation,SSB,0.0001473936
09/04/2026,American Healthcare REIT Inc.,AHR,0.0001473874
09/04/2026,Donaldson Co,DCI,0.0001473427
09/04/2026,Lululemon Athletica inc,LULU,0.0001472445
09/04/2026,Rollins Inc,ROL,0.0001471929
09/04/2026,Molina Healthcare,MOH,0.0001462125
09/04/2026,Domino's Pizza Inc,DPZ,0.0001458732
09/04/2026,Glaukos Corp,GKOS,0.0001456792
09/04/2026,Wintrust Financial Corp,WTFC,0.0001452818
09/04/2026,Cognex Corp,CGNX,0.0001447856
09/04/2026,American Homes 4 Rent A,AMH,0.0001437485
09/04/2026,UMB Financial Corp,UMBF,0.0001434969
09/04/2026,Modine Manufacturing Co,MOD,0.0001434583
09/04/2026,Madrigal Pharmaceuticals Inc,MDGL,0.0001429692
09/04/2026,Avantor Inc.,AVTR,0.0001428465
09/04/2026,INSULET CORP,PODD,0.0001427677
09/04/2026,Cullen Frost Bankers (TX),CFR,0.0001427236
09/04/2026,Zions Bancorporation N.A.,ZION,0.0001426080
09/04/2026,Aptiv plc,APTV,0.0001418177
09/04/2026,Solstice Advanced Materials Inc,SOLS,0.0001414453
09/04/2026,SEI Investments Corp,SEIC,0.0001410245
09/04/2026,Acuity Inc.,AYI,0.0001405974
09/04/2026,Crane Co,CR,0.0001404173
09/04/2026,BXP Inc.,BXP,0.0001403100
09/04/2026,Watts Water Technologies Inc.-A,WTS,0.0001394386
09/04/2026,The Ensign Group Inc,ENSG,0.0001383459
09/04/2026,Range Resources Corp,RRC,0.0001383083
09/04/2026,Brinker Intl Inc,EAT,0.0001379945
09/04/2026,Cytokinetics Inc,CYTK,0.0001379888
09/04/2026,American Financial Group,AFG,0.0001375542
09/04/2026,SPX Technologies Inc.,SPXC,0.0001374018
09/04/2026,Pinterest Inc.,PINS,0.0001373520
09/04/2026,Jackson Financial Inc,JXN,0.0001370761
09/04/2026,Flowserve Corp,FLS,0.0001368968
09/04/2026,Oshkosh Corporation,OSK,0.0001368823
09/04/2026,Affiliated Managers Grp,AMG,0.0001366609
09/04/2026,Match Group Inc.,MTCH,0.0001364695
09/04/2026,Pentair PLC,PNR,0.0001359907
09/04/2026,Advanced Drainage Systems Inc,WMS,0.0001359746
09/04/2026,OGE Energy Corp,OGE,0.0001353306
09/04/2026,Paycom Software Inc,PAYC,0.0001343632
09/04/2026,Ryder System Inc,R,0.0001343428
09/04/2026,Ionis Pharmaceuticals Inc,IONS,0.0001341714
09/04/2026,Saia Inc,SAIA,0.0001334236
09/04/2026,Voya Financial Inc,VOYA,0.0001318975
09/04/2026,Valmont Industries Inc,VMI,0.0001306346
09/04/2026,Tetra Tech Inc,TTEK,0.0001302500
09/04/2026,Old Republic Intl Corp,ORI,0.0001297421
09/04/2026,Rambus Inc,RMBS,0.0001291577
09/04/2026,Primerica Inc,PRI,0.0001288394
09/04/2026,CareTrust REIT Inc,CTRE,0.0001287990
09/04/2026,Federal Realty Invt Trust,FRT,0.0001286479
09/04/2026,Dick's Sporting Goods Inc,DKS,0.0001281170
09/04/2026,Toro Co,TTC,0.0001264375
09/04/2026,Universal Health Services B,UHS,0.0001263474
09/04/2026,Jefferies Financial Group Inc.,JEF,0.0001262400
09/04/2026,Dycom Industries Inc,DY,0.0001259602
09/04/2026,Carmax Inc,KMX,0.0001255244
09/04/2026,Kratos Defense & Security Solutions Inc,KTOS,0.0001253257
09/04/2026,Old National Bancorp (DE),ONB,0.0001251471
09/04/2026,Brixmor Property Group Inc,BRX,0.0001250056
09/04/2026,CubeSmart,CUBE,0.0001249923
09/04/2026,Axsome Therapeutics Inc.,AXSM,0.0001248621
09/04/2026,Columbia Banking System Inc,COLB,0.0001246141
09/04/2026,Repligen Corp,RGEN,0.0001242012
09/04/2026,Globus Medical Inc. A,GMED,0.0001239872
09/04/2026,Lithia Motors Inc,LAD,0.0001232906
09/04/2026,Booz Allen Hamilton Holding Corp A,BAH,0.0001226987
09/04/2026,InterDigital Inc,IDCC,0.0001220673
09/04/2026,Agree Realty Corp,ADC,0.0001217083
09/04/2026,FirstCash Holdings Inc.,FCFS,0.0001216422
09/04/2026,Henry Schein Inc,HSIC,0.0001215389
09/04/2026,American Airlines Group Inc.,AAL,0.0001213674
09/04/2026,Autoliv Inc,ALV,0.0001205154
09/04/2026,Viper Energy Inc.-A,VNOM,0.0001204900
09/04/2026,Murphy USA Inc,MUSA,0.0001201202
09/04/2026,Prosperity Bancshares Inc,PB,0.0001198886
09/04/2026,AECOM,ACM,0.0001195935
09/04/2026,NNN REIT Inc.,NNN,0.0001186670
09/04/2026,Ryman Hospitality Properties Inc,RHP,0.0001177217
09/04/2026,Maplebear Inc.,CART,0.0001174276
09/04/2026,Elastic N.V.,ESTC,0.0001168693
09/04/2026,Corebridge Financial Inc.,CRBG,0.0001166172
09/04/2026,Core & Main Inc.,CNM,0.0001165389
09/04/2026,Western Alliance Bancorp,WAL,0.0001158462
09/04/2026,Alexandria Real Estate Eqty,ARE,0.0001154102
09/04/2026,Element Solutions Inc.,ESI,0.0001152455
09/04/2026,Chord Energy Corporation,CHRD,0.0001151848
09/04/2026,Rexford Industrial Realty Inc,REXR,0.0001151515
09/04/2026,Qorvo Inc,QRVO,0.0001151167
09/04/2026,Mosaic Co,MOS,0.0001148317
09/04/2026,First Industrial Realty Trust,FR,0.0001145956
09/04/2026,Kinsale Capital Group Inc.,KNSL,0.0001142692
09/04/2026,Eastman Chemical Co,EMN,0.0001137727
09/04/2026,UGI Corp,UGI,0.0001136823
09/04/2026,AptarGroup Inc,ATR,0.0001136432
09/04/2026,Fox Corp B,FOX,0.0001135265
09/04/2026,HealthEquity Inc,HQY,0.0001134265
09/04/2026,AGCO Corp,AGCO,0.0001120494
09/04/2026,Hanover Insurance Group Inc,THG,0.0001116729
09/04/2026,Aurora Innovation Inc. Class A,AUR,0.0001113745
09/04/2026,National Fuel Gas,NFG,0.0001106664
09/04/2026,Commerce Bancshares Inc (MO),CBSH,0.0001105879
09/04/2026,MGM Resorts International,MGM,0.0001105451
09/04/2026,GameStop Corp A,GME,0.0001104607
09/04/2026,Fluor Corp,FLR,0.0001096259
09/04/2026,Commercial Metals Co,CMC,0.0001089169
09/04/2026,Timken Co,TKR,0.0001088548
09/04/2026,Lincoln National Corp,LNC,0.0001081472
09/04/2026,Wynn Resorts Ltd,WYNN,0.0001072934
09/04/2026,Axalta Coating Systems Ltd,AXTA,0.0001070227
09/04/2026,Sprouts Farmers Markets Inc,SFM,0.0001069889
09/04/2026,Blue Owl Capital Inc Class A,OWL,0.0001054299
09/04/2026,IDACORP Inc,IDA,0.0001050837
09/04/2026,Antero Midstream Corp,AM,0.0001050183
09/04/2026,OneMain Holdings Inc,OMF,0.0001043556
09/04/2026,Axis Capital Hldgs Ltd,AXS,0.0001042099
09/04/2026,Simpson Manufacturing Co Inc,SSD,0.0001040478
09/04/2026,Venture Global Inc.,VG,0.0001039420
09/04/2026,Houlihan Lokey Inc A,HLI,0.0001038991
09/04/2026,First American Financial Corp,FAF,0.0001036073
09/04/2026,Conagra Brands Inc,CAG,0.0001035092
09/04/2026,Armstrong World Industries,AWI,0.0001033882
09/04/2026,MP Materials Corp.,MP,0.0001031112
09/04/2026,StoneX Group Inc.,SNEX,0.0001027079
09/04/2026,Federal Signal Corp,FSS,0.0001016939
09/04/2026,Etsy Inc.,ETSY,0.0001014727
09/04/2026,GitLab Inc.,GTLB,0.0001008799
09/04/2026,STAG Industrial Inc,STAG,0.0001006916
09/04/2026,Norwegian Cruise Line Holdings Ltd,NCLH,0.0000999053
09/04/2026,Cleveland-Cliffs Inc,CLF,0.0000996515
09/04/2026,TPG Inc. Class A,TPG,0.0000996260
09/04/2026,ESCO Technologies Inc,ESE,0.0000992162
09/04/2026,Builders FirstSource,BLDR,0.0000988994
09/04/2026,Zurn Elkay Water Solutions Corporation,ZWS,0.0000988222
09/04/2026,Terreno Realty Corp,TRNO,0.0000975393
09/04/2026,Bio-Rad Laboratories Inc A,BIO,0.0000971968
09/04/2026,Hexcel Corp,HXL,0.0000969624
09/04/2026,Matador Resources Co,MTDR,0.0000964962
09/04/2026,Chemed Corp,CHE,0.0000964394
09/04/2026,Lamb Weston Holdings Inc,LW,0.0000962346
09/04/2026,MSA Safety Inc,MSA,0.0000956956
09/04/2026,Mohawk Industries Inc,MHK,0.0000956228
09/04/2026,Hyatt Hotels Corp A,H,0.0000951043
09/04/2026,A.O. Smith Corp,AOS,0.0000946405
09/04/2026,NewMarket Corp,NEU,0.0000944274
09/04/2026,Lear Corp,LEA,0.0000942932
09/04/2026,Procore Technologies Inc.,PCOR,0.0000941970
09/04/2026,WEX Inc,WEX,0.0000939533
09/04/2026,Amdocs Ltd,DOX,0.0000935273
09/04/2026,Valley National Bancorp (NJ),VLY,0.0000934107
09/04/2026,Tempus AI Inc.-A,TEM,0.0000929929
09/04/2026,FNB Corp,FNB,0.0000928824
09/04/2026,Life Time Group Holdings Inc.,LTH,0.0000928001
09/04/2026,SentinelOne Inc.,S,0.0000927929
09/04/2026,Healthcare Realty Trust Inc,HR,0.0000925980
09/04/2026,Paylocity Holding Corp,PCTY,0.0000922861
09/04/2026,Gates Industrial Corporation Ltd.,GTES,0.0000920751
09/04/2026,United Bankshares Inc (WV),UBSI,0.0000918982
09/04/2026,MGIC Investment Corp,MTG,0.0000916589
09/04/2026,LKQ Corp,LKQ,0.0000909469
09/04/2026,Molson Coors Beverage Co B,TAP,0.0000908090
09/04/2026,UiPath Inc.,PATH,0.0000906682
09/04/2026,Ormat Technologies,ORA,0.0000905661
09/04/2026,e.l.f. Beauty Inc.,ELF,0.0000905119
09/04/2026,Erie Indemnity Co A,ERIE,0.0000897556
09/04/2026,Essential Properties Realty Trust Inc,EPRT,0.0000895796
09/04/2026,Rhythm Pharmaceuticals Inc.,RYTM,0.0000895496
09/04/2026,Ingredion Inc,INGR,0.0000892417
09/04/2026,Essent Group Ltd,ESNT,0.0000890991
09/04/2026,Lyft Inc.-A,LYFT,0.0000887239
09/04/2026,GATX Corp,GATX,0.0000883690
09/04/2026,Hormel Foods Corp,HRL,0.0000877994
09/04/2026,Mobility Global Inc.,MBGL,0.0000872083
09/04/2026,H&R Block Inc,HRB,0.0000869146
09/04/2026,TXNM Energy Inc.,TXNM,0.0000868860
09/04/2026,Duolingo Inc A,DUOL,0.0000868610
09/04/2026,The Trade Desk Inc.,TTD,0.0000861147
09/04/2026,Hancock Whitney Corp,HWC,0.0000860226
09/04/2026,JBT Marel Corporation,JBTM,0.0000856652
09/04/2026,Teleflex Inc,TFX,0.0000856058
09/04/2026,EPAM Systems Inc,EPAM,0.0000854582
09/04/2026,Eagle Materials Inc,EXP,0.0000854339
09/04/2026,Cava Group Inc,CAVA,0.0000850153
09/04/2026,D-Wave Quantum Inc.,QBTS,0.0000849813
09/04/2026,Caesars Entertainment Inc.,CZR,0.0000844868
09/04/2026,Glacier Bancorp Inc,GBCI,0.0000843263
09/04/2026,Dutch Bros Inc.,BROS,0.0000830611
09/04/2026,Pool Corp,POOL,0.0000830171
09/04/2026,U-Haul Holding Company Non Voting,UHAL.B,0.0000829010
09/04/2026,Snap Inc.,SNAP,0.0000825890
09/04/2026,DaVita Inc,DVA,0.0000825434
09/04/2026,Genpact Ltd,G,0.0000822234
09/04/2026,Hims & Hers Health Inc. Class A,HIMS,0.0000820737
09/04/2026,Circle Internet Group Inc. Class A,CRCL,0.0000819588
09/04/2026,Zillow Group Inc C,Z,0.0000818982
09/04/2026,Casella Waste Systems A,CWST,0.0000818580
09/04/2026,Primo Brands Corp,PRMB,0.0000813556
09/04/2026,MarketAxess Holdings,MKTX,0.0000811497
09/04/2026,Vornado Realty Trust,VNO,0.0000807995
09/04/2026,Cirrus Logic Inc,CRUS,0.0000807045
09/04/2026,Churchill Downs Inc,CHDN,0.0000805730
09/04/2026,RLI Corp,RLI,0.0000801794
09/04/2026,Chewy Inc.-A,CHWY,0.0000794272
09/04/2026,Oklo Inc.,OKLO,0.0000792814
09/04/2026,Southwest Gas Holdings Inc,SWX,0.0000792757
09/04/2026,IES Holdings Inc,IESC,0.0000790435
09/04/2026,Home Bancshares,HOMB,0.0000789298
09/04/2026,Rithm Capital Corp.,RITM,0.0000786532
09/04/2026,Commvault Systems,CVLT,0.0000786408
09/04/2026,Starwood Property Trust Inc,STWD,0.0000783208
09/04/2026,ExlService Holdings Inc,EXLS,0.0000782159
09/04/2026,GXO Logistics Inc.,GXO,0.0000776950
09/04/2026,Balchem Corp,BCPC,0.0000770613
09/04/2026,Sirius XM Holdings Inc,SIRI,0.0000763764
09/04/2026,Versant Media Group Inc. Cl A,VSNT,0.0000761503
09/04/2026,Amkor Technology Inc,AMKR,0.0000761247
09/04/2026,Floor & Decor Holdings Inc.-A,FND,0.0000758836
09/04/2026,Aaon Inc,AAON,0.0000754448
09/04/2026,ACI Worldwide Inc,ACIW,0.0000752329
09/04/2026,Wyndham Hotel & Resorts Inc.,WH,0.0000751203
09/04/2026,Installed Building Products Inc,IBP,0.0000749963
09/04/2026,Merit Medical Systems Inc,MMSI,0.0000747030
09/04/2026,AutoNation Inc,AN,0.0000744828
09/04/2026,Varonis Systems Inc,VRNS,0.0000739579
09/04/2026,Dropbox Inc.,DBX,0.0000729062
09/04/2026,RadNet Inc,RDNT,0.0000729058
09/04/2026,Piper Sandler Cos,PIPR,0.0000727609
09/04/2026,BANK OZK,OZK,0.0000723248
09/04/2026,ServiceTitan Inc. Class A,TTAN,0.0000721820
09/04/2026,AppFolio Inc. A,APPF,0.0000719615
09/04/2026,Fortune Brands Innovations Inc,FBIN,0.0000718747
09/04/2026,Moelis & Co,MC,0.0000717429
09/04/2026,SLM Corp,SLM,0.0000713768
09/04/2026,Nexstar Media Group Inc,NXST,0.0000709450
09/04/2026,Lazard Inc.,LAZ,0.0000702422
09/04/2026,Bentley Systems Inc. Class B,BSY,0.0000702286
09/04/2026,Construction Partners Inc,ROAD,0.0000702039
09/04/2026,Gap Inc,GAP,0.0000698617
09/04/2026,Liberty Live Holdings Inc. Class C,LLYVK,0.0000698432
09/04/2026,Millrose Properties Inc CL A,MRP,0.0000690188
09/04/2026,Gentex Corp,GNTX,0.0000688697
09/04/2026,Celanese Corp A,CE,0.0000684635
09/04/2026,Celsius Holdings Inc.,CELH,0.0000679166
09/04/2026,Vail Resorts Inc,MTN,0.0000672110
09/04/2026,Enphase Energy Inc,ENPH,0.0000669939
09/04/2026,Ryan Specialty Holdings Inc.,RYAN,0.0000667338
09/04/2026,UFP Industries Inc,UFPI,0.0000666066
09/04/2026,Belden Inc,BDC,0.0000665547
09/04/2026,Trex Co,TREX,0.0000662590
09/04/2026,GlobalFoundries Inc.,GFS,0.0000658387
09/04/2026,StandardAero Inc.,SARO,0.0000656928
09/04/2026,Vontier Corp,VNT,0.0000655285
09/04/2026,Alaska Air Group Inc,ALK,0.0000654702
09/04/2026,Boot Barn Holdings Inc,BOOT,0.0000654390
09/04/2026,Impinj Inc.,PI,0.0000653814
09/04/2026,KBR Inc,KBR,0.0000652457
09/04/2026,Aerovironment Inc,AVAV,0.0000651890
09/04/2026,Middleby Corp The,MIDD,0.0000649668
09/04/2026,Ollie's Bargain Outlet Holdings Inc.,OLLI,0.0000649117
09/04/2026,Morningstar,MORN,0.0000645493
09/04/2026,Allegro MicroSystems Inc.,ALGM,0.0000635202
09/04/2026,Brown-Forman Corp B,BF.B,0.0000628927
09/04/2026,Meritage Corp,MTH,0.0000627669
09/04/2026,FTI Consulting,FCN,0.0000626931
09/04/2026,Albertsons Companies Inc.,ACI,0.0000624534
09/04/2026,SiteOne Landscape Supply Inc.,SITE,0.0000622840
09/04/2026,VF Corp,VFC,0.0000617808
09/04/2026,First Financial Bankshs (TX),FFIN,0.0000609372
09/04/2026,BILL Holdings Inc.,BILL,0.0000609019
09/04/2026,Louisiana Pacific Corp,LPX,0.0000605728
09/04/2026,Marathon Holdings Inc.,MARA,0.0000602670
09/04/2026,Itron Inc,ITRI,0.0000601154
09/04/2026,ESAB Corp,ESAB,0.0000600035
09/04/2026,Boyd Gaming Corp,BYD,0.0000599770
09/04/2026,Mattel Inc,MAT,0.0000590125
09/04/2026,ADT Inc.,ADT,0.0000588705
09/04/2026,Hamilton Lane Inc,HLNE,0.0000588581
09/04/2026,The Campbell's Company,CPB,0.0000587982
09/04/2026,Joby Aviation Inc,JOBY,0.0000583742
09/04/2026,Urban Outfitters,URBN,0.0000581216
09/04/2026,Mirion Technologies Inc.,MIR,0.0000578890
09/04/2026,News Corp B,NWS,0.0000570839
09/04/2026,Flagstar Bank N.A.,FLG,0.0000567069
09/04/2026,Thor Industries Inc,THO,0.0000565572
09/04/2026,Penske Automotive Group Inc,PAG,0.0000565456
09/04/2026,iRhythm Holdings Inc,IRTC,0.0000565235
09/04/2026,Primoris Services Corp,PRIM,0.0000564379
09/04/2026,Planet Fitness Inc A,PLNT,0.0000562561
09/04/2026,CCC Intelligent Solutions Holdings Inc.,CCC,0.0000560607
09/04/2026,Grand Canyon Education,LOPE,0.0000559461
09/04/2026,Bath & Body Works Inc,BBWI,0.0000549115
09/04/2026,Badger Meter Inc,BMI,0.0000540432
09/04/2026,Bright Horizons Family Solutions Inc,BFAM,0.0000516503
09/04/2026,Karman Holdings Inc.,KRMN,0.0000510947
09/04/2026,Archer Aviation Inc.,ACHR,0.0000509193
09/04/2026,Universal Display Corp,OLED,0.0000500313
09/04/2026,Life360 Inc,LIF,0.0000500227
09/04/2026,Versigent PLC,VGNT,0.0000497587
09/04/2026,Stride Inc.,LRN,0.0000495870
09/04/2026,Credit Acceptance Corp,CACC,0.0000495059
09/04/2026,Group 1 Automotive Inc,GPI,0.0000494743
09/04/2026,Doximity Inc.,DOCS,0.0000492786
09/04/2026,Paramount Skydance Corp-B,PSKY,0.0000478750
09/04/2026,Post Holdings Inc.,POST,0.0000471802
09/04/2026,Pegasystems Inc,PEGA,0.0000471196
09/04/2026,Cal Maine Foods Inc,CALM,0.0000464507
09/04/2026,Amentum Holdings Inc.,AMTM,0.0000431525
09/04/2026,Graphic Packaging Holding Co,GPK,0.0000431314
09/04/2026,Wingstop Inc.,WING,0.0000415644
09/04/2026,Kyndryl Holdings Inc.,KD,0.0000414337
09/04/2026,Bok Financial Corp (OK),BOKF,0.0000406291
09/04/2026,Waystar Holding Corp.,WAY,0.0000403243
09/04/2026,Leonardo DRS Inc,DRS,0.0000395718
09/04/2026,Resideo Technologies Inc,REZI,0.0000387068
09/04/2026,Summit Therapeutics Inc.,SMMT,0.0000381946
09/04/2026,SoundHound AI Inc,SOUN,0.0000377014
09/04/2026,Shift4 Payments Inc.-A,FOUR,0.0000376910
09/04/2026,Symbotic Inc.,SYM,0.0000358824
09/04/2026,Whirlpool Corp,WHR,0.0000356045
09/04/2026,Parsons Corporation,PSN,0.0000355694
09/04/2026,Westlake Corporation,WLK,0.0000348199
09/04/2026,Ubiquiti Inc,UI,0.0000343216
09/04/2026,Loar Holdings Inc.,LOAR,0.0000337368
09/04/2026,Upstart Holdings Inc.,UPST,0.0000330180
09/04/2026,Avis Budget Group Inc,CAR,0.0000328758
09/04/2026,Lineage Inc.,LINE,0.0000303640
09/04/2026,PennyMac Financial Services Inc,PFSI,0.0000297846
09/04/2026,Choice Hotels Intl,CHH,0.0000285446
09/04/2026,Dillards Inc A,DDS,0.0000277545
09/04/2026,Midera Food Processing Inc,MFP,0.0000262832
09/04/2026,Figma Inc,FIG,0.0000224651
09/04/2026,ADI Global Distribution Inc.,ADIG,0.0000201030
09/04/2026,SailPoint Inc.,SAIL,0.0000193954
09/04/2026,Enact Holdings Inc.,ACT,0.0000192258
09/04/2026,Pilgrims Pride Corp,PPC,0.0000182434
09/04/2026,CNA Financial Corp (IL),CNA,0.0000146610
09/04/2026,Lucid Group Inc,LCID,0.0000122524
09/04/2026,Smithfield Foods Inc,SFD,0.0000072491
09/04/2026,Atrium Therapeutics Inc,RNA,0.0000031889

"Index constituents listed are as of the date shown and are not a recommendation of individual securities by Charles Schwab Investment Management, Inc. or any of its affiliates. Indices are unmanaged, do not incur fees, and it is not possible to invest directly in an index."
"(0918-8GUC)"


