time,open,high,low,close,Sprint Line EMA,Hull Baseline HMA,MA 20 Fast,MA 50 Mid,MA 200 Slow,Weinstein MA 150,Golden Cross,Death Cross,Zone 0 Long,Zone 0 Short,AVWAP Resistance,AVWAP Support,Buy Score,Sell Score,Stage 1 Base 2 Up 3 Top 4 Down,Stage Age Bars,Long Entry,Long Entry Zone Bot,Long Entry Zone Top,Long Stop Loss,Long Target,Short Entry,Short Entry Zone Bot,Short Entry Zone Top,Short Stop Loss,Short Target,Entry At Market 0No 1L 2S 3Both,Long Rev Zone,Short Rev Zone,Ext Pct vs MA200,Exhaustion Gradient,Ext Z Self Relative,Regime 0 Hlt 1 Ext 2 Clmx 3 Dist 4 Dn 5 Ign 6 Sqz,Exp Move Pct 21b,Dir Prob Pct Above 50 Bull,Long Ignition Fresh Breakout,RR To Target,Long Target T1 Waypoint,Short Target T1 Waypoint,Long RR Valid,Short RR Valid,Long In Zone,Short In Zone,Action Long Code,Action Short Code,MTF Long Aligned 0 To 3,Bear Warning Mask,Reversal Pattern Mask,Weak Level Mask,Bear Warning Age,Reversal Pattern Age,Weak Level Age,Z Velocity,Z Elasticity,Trend Bars Up,Buy Sigma Evidence,Sell Sigma Evidence,VP POC,VP VAH,VP VAL,VP HVN Above,VP HVN Below,RVOL Vs Avg,Energy IV30 Ann Pct,Energy IV Rank Pct,Energy IV HV Spread,Energy State 3 Exp 2 Warm 1 Sqz 0 Dorm,HV20 Ann Pct,ADX 14,DMI DI Plus,DMI DI Minus,POC,VAH,VAL,Volume
2025-05-23,88.35,88.92,87.55,88.17,,,,,,,,,,,,,,,,,,,,,,,,,,,,,,,,,,,,,,,,,,,,,,,,,,,,,,,,,,,,,,,0.7227051011656754,85.69587923645048,84.92063492063492,179.65311114018178,3,30.643635211872784,26.323825368180838,29.411297313930756,15.876668258080677,,,,2462453
2025-05-27,88.72,90.52,87.95,90.36,,,,,,,,,,,,,,,,,,,,,,,,,,,,,,,,,,,,,,,,,,,,,,,,,,,,,,,,,,,,,,,0.9151268539645219,88.01449397408354,84.92063492063492,182.19735663118772,3,31.188985972364137,27.012109488162594,31.531243247654356,14.85194140073718,,,,3117374
2025-05-28,90.34,90.7667,89.075,89.34,,,,,,,,,,,,,,,,,,,,,,,,,,,,,,,,,,,,,,,,,,,,,,,,,,,,,,,,,,,,,,,0.684415854611074,88.89322426876663,85.31746031746032,180.13758743791595,3,31.7319875143378,27.71609848729667,30.789728190475426,14.202144572416136,,,,2328916
2025-05-29,90,90.7,88.87,90.58,,,,,,,,,,,,,,,,,,,,,,,,,,,,,,,,,,,,,,,,,,,,,,,,,,,,,,,,,,,,,,,0.8596859499581514,88.4842391939648,84.92063492063492,178.10088533390157,3,31.817316614338093,28.247292277636905,29.29651196484222,14.056654911094219,,,,2902393
2025-05-30,90.14,91.48,89.21,90.26,,,,,,,,,,,,,,,,,,,,,,,,,,,,,,,,,,,,,,,,,,,,,,,,,,,,,,,,,,,,,,,1.3438268384847707,86.72377497719987,83.73015873015873,173.45382904181398,3,31.714229521334985,28.966768762143552,29.604667399123688,13.20139868712247,,,,4683194
2025-06-02,90.3,92.15,89.13,91.24,,,,,,,,,,,,,,,,,,,,,,,,,,,,,,,,,,,,,,,,,,,,,,,,,,,,,,,,,,,,,,,1.2687613830407483,83.38959055266379,82.93650793650794,180.6999368142406,3,29.707733994913117,29.82529847859739,29.009771781999383,12.142872818882338,,,,4360864
2025-06-03,94.25,97.02,92.75,96.72,,,,,,,,,,,,,,,,,,,,,,,,,,,,,,,,,,,,,,,,,,,,,,,,,,,,,,,,,,,,,,,2.4359661336703877,75.19035424636186,79.76190476190476,115.0600002733799,3,34.962500767591095,31.688217710745516,36.84523347271541,10.420675258796026,,,,9060273
2025-06-04,90.925,91.03,86.01,88.62,,,,,,,,,,,,,,,,,,,,,,,,,,,,,,,,,,,,,,,,,,,,,,,,,,,,,,,,,,,,,,,3.5953018854927032,65.0153573429821,74.2063492063492,35.79357991431628,3,47.878078907711114,30.370250978539087,28.717718574425934,22.00386333168293,,,,15597521
2025-06-05,91.41,97.45,91.1982,96.67,,,,,,,,,,,,,,,,,,,,,,,,,,,,,,,,,,,,,,,,,,,,,,,,,,,,,,,,,,,,,,,2.4827529016779404,64.92034030846759,73.80952380952381,15.821913695865659,2,56.051862930654515,30.504922527532628,35.9221208394864,18.40012568199258,,,,11802150
2025-06-06,96.315,96.315,93.6035,94.5,,,,,,,,,,,,,,,,,,,,,,,,,,,,,,,,,,,,,,,,,,,,,,,,,,,,,,,,,,,,,,,1.1856516391283531,64.26985756705582,73.41269841269842,12.881215427672373,2,56.93583057513777,30.629974680169493,33.848809262830294,17.338128430803888,,,,5820081
2025-06-09,94.8,96.445,93.67,93.85,,,,,,,,,,,,,,,,,,,,,,,,,,,,,,,,,,,,,,,,,,,,,,,,,,,,,,,,,,,,,,,0.839133310500649,63.3735744130582,72.61904761904762,11.039525151903831,2,57.07298759280729,30.77087694902675,32.29574173871509,16.414826785912478,,,,4207179
2025-06-10,93.85,94.4,92.53,93.12,,,,,,,,,,,,,,,,,,,,,,,,,,,,,,,,,,,,,,,,,,,,,,,,,,,,,,,,,,,,,,,0.6294055061197736,56.85046851299823,63.492063492063494,2.0925061028268397,2,55.685251232582,30.464740738257717,31.094079535489307,18.07236219417543,,,,3057820
2025-06-11,93.43,94.82,93.43,94.21,,,,,,,,,,,,,,,,,,,,,,,,,,,,,,,,,,,,,,,,,,,,,,,,,,,,,,,,,,,,,,,0.5709309585143306,48.36030001294071,50.79365079365079,-10.130775286203072,1,53.8118584720764,30.27486251443543,30.869552558461113,17.437170020974868,,,,2716146
2025-06-12,93.91,96.14,93.83,96.09,,,,,,,,,,,,,,,,,,,,,,,,,,,,,,,,,,,,,,,,,,,,,,,,,,,,,,,,,,,,,,,0.5352716910926667,42.25348216690376,40.07936507936508,-21.84094975866756,0,54.06089510611667,30.394288784603052,32.1547541239812,16.584202396091232,,,,2506417
2025-06-13,95.52,96.92,94.81,95.19,,,,,,,,,,,,,,,,,,,,,,,,,,,,,,,,,,,,,,,,,,,,,,,,,,,,,,,,,,,,,,,0.6379002888705708,33.98522040311545,31.349206349206348,-37.41863181621851,0,54.30565260783642,30.676343801253342,32.37567325079331,15.822832109317694,,,,3000634
2025-06-16,96.3,99.55,95.69,99,,,,,,,,,,,,,,,,,,,,,,,,,,,,,,,,,,,,,,,,,,,,,,,,,,,,,,,,,,,,,,,0.7381069044848012,21.065780367706928,19.047619047619047,-62.07366304772562,0,55.543936115464064,31.469900014002818,34.96600457372376,14.356174374851662,,,,3503003
2025-06-17,98.24,98.97,97.8301,98.35,,,,,,,,,,,,,,,,,,,,,,,,,,,,,,,,,,,,,,,,,,,,,,,,,,,,,,,,,,,,,,,0.5778067481135827,15.176117086515303,9.920634920634921,-72.75697672887132,0,55.70643513195722,32.20677364012733,34.05387194702507,13.981675337815034,,,,2715104
2025-06-18,98.31,99.36,97.2,97.53,,,,,,,,,,,,,,,,,,,,,,,,,,,,,,,,,,,,,,,,,,,,,,,,,,,,,,,,,,,,,,,0.7271935159269355,15.223550550981631,11.11111111111111,-71.8358324379076,0,54.05290434172741,32.58174782698484,32.374654946477,14.730684724619618,,,,3396422
2025-06-20,97.54,99.23,97,98.71,,,,,,,,,,,,,,,,,,,,,,,,,,,,,,,,,,,,,,,,,,,,,,,,,,,,,,,,,,,,,,,1.3755375066886966,15.245597964687393,11.507936507936508,-71.49255087136255,0,53.479348137719796,32.828510048727885,30.69197707218127,14.431199961259068,,,,6650881
2025-06-23,98.27,100.735,97.52,100.51,,,,,,,,,,,,,,,,,,,,,,,,,,,,,,,,,,,,,,,,,,,,,,,,,,,,,,,,,,,,,,,1.1151860544533883,15.895214729603028,13.88888888888889,-70.35649739705025,0,53.621243557167695,33.4105868393695,31.895663985512027,13.353605902151966,,,,5544323
2025-06-24,100.46,100.675,97.52,98.68,,,,,,,,,,,,,,,,,,,,,,,,,,,,,,,,,,,,,,,,,,,,,,,,,,,,,,,,,,,,,,,0.5808221062155322,16.3711544692148,15.476190476190476,-69.40765540949072,0,53.51389273476494,33.95108671639386,29.56274045159918,12.376891904729666,,,,2900366
2025-06-25,99.29,100.535,98.845,99.45,,,,,,,,,,,,,,,,,,,,,,,,,,,,,,,,,,,,,,,,,,,,,,,,,,,,,,,,,,,,,,,0.5583495541852802,16.689199491777654,16.26984126984127,-68.55857108674566,0,53.080283144326856,34.45297945934505,28.254217413973322,11.829058789661751,,,,2778693
2025-06-26,99.49,99.73,97.855,99.44,,,,,,,,,,,,,,,,,,,,,,,,,,,,,,,,,,,,,,,,,,,,,,,,,,,,,,,,,,,,,,,0.4814247666611876,16.852661214652606,17.46031746031746,-68.07665454162345,0,52.791024789760996,34.31806023681737,26.955467326686474,13.712353332685788,,,,2397519
2025-06-27,99.565,101.6,98.63,98.7,,,,,,,,,,,,,,,,,,,,,,,,,,,,,,,,,,,,,,,,,,,,,,,,,,,,,,,,,,,,,,,1.0005722015554295,16.875826916918562,17.857142857142858,-68.08384422964718,0,52.875499914042464,34.7142359086951,29.573592455201293,12.715320459474519,,,,5092465
2025-06-30,98.65,99.64,97.3,99.04,,,,,,,,,,,,,,,,,,,,,,,,,,,,,,,,,,,,,,,,,,,,,,,,,,,,,,,,,,,,,,,0.5546245214229181,16.756744406833953,17.063492063492063,-68.263943442679,0,52.800335720880334,34.31716053089479,27.855104972205265,15.279215832579617,,,,2769728
2025-07-01,99.04,101.77,98.64,101.5,,,,,,,,,,,,,,,,,,,,,,,,,,,,,,,,,,,,,,,,,,,,,,,,,,,,,,,,,,,,,,,0.6122998674499159,14.932236395053861,9.523809523809524,-71.9394910464552,0,53.214417528116584,34.538755836433886,30.95985788701266,14.099044316302212,,,,3016597
2025-07-02,100.91,103.23,100.91,103.01,,,,,,,,,,,,,,,,,,,,,,,,,,,,,,,,,,,,,,,,,,,,,,,,,,,,,,,,,,,,,,,0.6404819951096097,17.41277549629101,20.238095238095237,-65.01406876380935,0,49.770793233248675,35.09892283908439,32.81658195015138,13.280243207405249,,,,2960088
2025-07-03,103.17,103.17,101.06,101.91,,,,,,,,,,,,,,,,,,,,,,,,,,,,,,,,,,,,,,,,,,,,,,,,,,,,,,,,,,,,,,,0.5421653543591222,19.494795279860504,23.41269841269841,-48.443634577873055,0,37.81258651622043,35.61907791297415,31.050401318016505,12.56550367790188,,,,2140917
2025-07-07,101.75,104.37,100.58,104.23,,,,,,,,,,,,,,,,,,,,,,,,,,,,,,,,,,,,,,,,,,,,,,,,,,,,,,,,,,,,,,,0.8129634208176911,23.25154762115751,26.58730158730159,-7.2475922002195245,1,25.068403260591733,36.39126453000518,31.10809514470791,11.38068568596174,,,,2846209
2025-07-08,104.74,106.96,103.35,104.39,,,,,,,,,,,,,,,,,,,,,,,,,,,,,,,,,,,,,,,,,,,,,,,,,,,,,,,,,,,,,,,1.0236809128376247,23.963626452273715,27.38095238095238,3.4029486622145133,2,23.174993326888075,37.64549886791172,34.69194811748771,10.377003160003442,,,,3463308
2025-07-09,104.44,105.04,102.9505,104.75,,,,,,,,,,,,,,,,,,,,,,,,,,,,,,,,,,,,,,,,,,,,,,,,,,,,,,,,,,,,,,,0.5224830514223224,25.692025711046952,28.174603174603174,12.783802177933609,2,22.779889678230454,38.559542128000956,32.88421122913935,10.832554547873427,,,,1702220
2025-07-10,106.19,108.95,105.725,108.37,,,,,,,,,,,,,,,,,,,,,,,,,,,,,,,,,,,,,,,,,,,,,,,,,,,,,,,,,,,,,,,1.1317508879853924,25.195498667294398,28.174603174603174,3.9192581750503117,2,24.245264169277448,40.09389495998709,38.987419060557414,9.73452757188659,,,,3724930
2025-07-11,108.37,109.74,107.6,109.36,,,,,,,,,,,,,,,,,,,,,,,,,,,,,,,,,,,,,,,,,,,,,,,,,,,,,,,,,,,,,,,0.9468655325134199,24.750640820278907,28.174603174603174,2.2432019482651206,2,24.207615126140794,41.634072229773636,38.87827122036089,9.221620667742654,,,,3136309
2025-07-14,109.18,109.18,106.22,108.63,,,,,,,,,,,,,,,,,,,,,,,,,,,,,,,,,,,,,,,,,,,,,,,,,,,,,,,,,,,,,,,0.8715089204092897,23.420988954408173,27.38095238095238,-3.3943929181608232,1,24.243922958392204,42.24793137726297,35.89014183601991,11.890721751595045,,,,2904031
2025-07-15,108.38,108.665,106.24,106.55,,,,,,,,,,,,,,,,,,,,,,,,,,,,,,,,,,,,,,,,,,,,,,,,,,,,,,,,,,,,,,,0.8096340212263569,21.70222281076289,25.396825396825395,-14.10844295325926,1,25.26700359961213,42.81794344278879,33.73376785346151,11.176295959238681,,,,2685078
2025-07-16,106.89,107.33,104.84,106.62,,,,,,,,,,,,,,,,,,,,,,,,,,,,,,,,,,,,,,,,,,,,,,,,,,,,,,,,,,,,,,,0.9194585497623107,22.121898395736334,26.19047619047619,-0.04805074786280685,1,22.13253324348081,42.523235648546624,31.632167431942584,13.982806183893926,,,,3027438
2025-07-17,106.41,108.33,106.2,108.15,,,,,,,,,,,,,,,,,,,,,,,,,,,,,,,,,,,,,,,,,,,,,,,,,,,,,,,,,,,,,,,1.0447471256063379,23.325043273054916,27.77777777777778,5.613601247265152,2,22.085264584857544,42.49382449944399,32.46348125679028,13.223864138597833,,,,3479919
2025-07-18,108.71,111.03,108.305,110.12,,,,,,,,,,,,,,,,,,,,,,,,,,,,,,,,,,,,,,,,,,,,,,,,,,,,,,,,,,,,,,,1.0629260407902823,25.059969076116012,30.158730158730158,13.913597923635033,2,21.999102418760945,43.04351920587301,36.952400804091376,12.255284695028402,,,,3548556
2025-07-21,112.46,113.455,110.35,112.31,,,,,,,,,,,,,,,,,,,,,,,,,,,,,,,,,,,,,,,,,,,,,,,,,,,,,,,,,,,,,,,1.1512922885132626,24.66505516614935,29.365079365079364,10.030706239468188,2,22.41651990533344,43.97706132997538,39.94547237294835,11.229566857683956,,,,3672092
2025-07-22,112.78,115.2,112.48,114.77,,,,,,,,,,,,,,,,,,,,,,,,,,,,,,,,,,,,,,,,,,,,,,,,,,,,,,,,,,,,,,,1.5582613383765511,25.359373142697823,31.349206349206348,11.79271907878445,2,22.684279756024306,45.10843797419545,41.42596781904161,10.416001886711712,,,,4921619
2025-07-23,114.76,115.42,113.4534,114.92,,,,,,,,,,,,,,,,,,,,,,,,,,,,,,,,,,,,,,,,,,,,,,,,,,,,,,,,,,,,,,,0.7983334093209042,25.79646933323467,32.142857142857146,23.41417666108639,3,20.902355005839883,46.19151308942999,39.90144055708562,9.890872049214488,,,,2505706
2025-07-24,115,115.99,114.12,114.21,,,,,,,,,,,,,,,,,,,,,,,,,,,,,,,,,,,,,,,,,,,,,,,,,,,,,,,,,,,,,,,1.3660914132530062,26.121811886257383,32.53968253968254,21.830160743532904,3,21.441170008177966,47.284163353862155,39.43898248075754,9.405305450301425,,,,4398341
2025-07-25,114.2,115.2975,113.31,114.41,,,,,,,,,,,,,,,,,,,,,,,,,,,,,,,,,,,,,,,,,,,,,,,,,,,,,,,,,,,,,,,0.6263312833531273,26.336511142271203,32.93650793650794,23.215798189949062,3,21.374297394617308,47.78217992780616,37.34077805734249,11.073134329445075,,,,2004254
2025-07-28,114.49,115.83,114.04,115.43,,,,,,,,,,,,,,,,,,,,,,,,,,,,,,,,,,,,,,,,,,,,,,,,,,,,,,,,,,,,,,,1.477540228269514,26.681150070368737,33.333333333333336,28.78893005106503,3,20.71695918258628,48.34503811252015,36.9682421462181,10.52979327809973,,,,4699050
2025-07-29,115.25,115.25,113.399,114.99,,,,,,,,,,,,,,,,,,,,,,,,,,,,,,,,,,,,,,,,,,,,,,,,,,,,,,,,,,,,,,,0.9321535443285596,26.877004983961516,33.73015873015873,27.620539940439404,3,21.06009345870581,48.441696939981114,34.87709846668753,11.719432543522073,,,,2974070
2025-07-30,114.83,115.18,113.51,114.15,,,,,,,,,,,,,,,,,,,,,,,,,,,,,,,,,,,,,,,,,,,,,,,,,,,,,,,,,,,,,,,0.7578026645734517,27.05216589922704,34.92063492063492,30.75987632424189,3,20.688430319516733,48.53145156548058,33.2134546325262,11.160413515333062,,,,2394215
2025-07-31,113.47,114.12,112.9,113.55,,,,,,,,,,,,,,,,,,,,,,,,,,,,,,,,,,,,,,,,,,,,,,,,,,,,,,,,,,,,,,,1.0154361755329415,26.313804254412098,32.93650793650794,26.725909216694827,3,20.764344416276263,48.180991877544685,31.98367690813849,12.554075376953367,,,,3221457
2025-08-01,113.185,115.02,112.21,114.72,,,,,,,,,,,,,,,,,,,,,,,,,,,,,,,,,,,,,,,,,,,,,,,,,,,,,,,,,,,,,,,0.978807321543146,26.49342530636009,33.73015873015873,32.24578245904367,3,20.033474651310765,48.09941899477287,31.987361758292987,11.521323630214894,,,,3154876
2025-08-04,114.76,116.5,114.185,115.72,,,,,,,,,,,,,,,,,,,,,,,,,,,,,,,,,,,,,,,,,,,,,,,,,,,,,,,,,,,,,,,1.0140746270569827,24.508564233749343,29.365079365079364,28.0354896509305,3,19.142008438885387,48.390076689141495,34.16020934505954,10.737625487647975,,,,3291107
2025-08-05,116,116.31,114.99,115.66,,,,,,,,,,,,,,,,,,,,,,,,,,,,,,,,,,,,,,,,,,,,,,,,,,,,,,,,,,,,,,,0.7693006705082912,24.302615382999292,29.365079365079364,26.543201003505434,3,19.204994966364154,48.659973119626635,32.79057967668656,10.307107914198516,,,,2458043
2025-08-06,115.66,117.8019,115.58,116.37,,,,,,,,,,,,,,,,,,,,,,,,,,,,,,,,,,,,,,,,,,,,,,,,,,,,,,,,,,,,,,,0.7742529973982467,24.838667772414134,31.349206349206348,29.3831395869215,3,19.19776243776118,49.258109189825774,35.11831242588655,9.60873991498865,,,,2504942
2025-08-07,116.625,117.555,115.3648,117.16,,,,,,,,,,,,,,,,,,,,,,,,,,,,,,,,,,,,,,,,,,,,,,,,,,,,,,,,,,,,,,,0.7282241918637739,26.209827001436825,34.12698412698413,62.45789748354936,3,16.13330432525809,49.63904495933481,32.761853264559804,9.62329046050861,,,,2304298
2025-08-08,117.63,118.06,115.695,116.12,,,,,,,,,,,,,,,,,,,,,,,,,,,,,,,,,,,,,,,,,,,,,,,,,,,,,,,,,,,,,,,0.6590996033463877,29.02681356018399,38.888888888888886,74.86818996985576,3,16.599253166163443,50.11545042554685,31.936067821168457,8.926742030381453,,,,2049762
2025-08-11,116.12,116.31,114.04,114.29,,,,,,,,,,,,,,,,,,,,,,,,,,,,,,,,,,,,,,,,,,,,,,,,,,,,,,,,,,,,,,,0.8041863994656664,31.66536258838601,41.26984126984127,80.4041152101765,3,17.55246134573752,49.242940496826535,29.712995668321252,13.380446778054349,,,,2484088
2025-08-12,114.29,116.69,113.3,114.06,,,,,,,,,,,,,,,,,,,,,,,,,,,,,,,,,,,,,,,,,,,,,,,,,,,,,,,,,,,,,,,1.0744666149656352,33.90800737771046,43.65079365079365,115.08574337232369,3,15.764879087785044,47.90414522281564,26.721480820410797,14.231040879321757,,,,3354957
2025-08-13,113.87,115.655,112.4436,115.4,,,,,,,,,,,,,,,,,,,,,,,,,,,,,,,,,,,,,,,,,,,,,,,,,,,,,,,,,,,,,,,1.0616510186620691,35.949291127346235,46.03174603174603,124.9291322771078,3,15.98249669280611,46.07660519845468,24.232495932236652,15.389440432806682,,,,3331058
2025-08-14,114.21,115.095,112.97,114.63,,,,,,,,,,,,,,,,,,,,,,,,,,,,,,,,,,,,,,,,,,,,,,,,,,,,,,,,,,,,,,,1.162760842251391,37.66622559277255,48.41269841269841,136.51254912757219,3,15.925677403466576,44.37960374726235,22.52293978935328,14.303744906394021,,,,3658696
2025-08-15,114.93,114.93,112.37,113.49,,,,,,,,,,,,,,,,,,,,,,,,,,,,,,,,,,,,,,,,,,,,,,,,,,,,,,,,,,,,,,,1.0948894536187548,40.45986430656433,50.79365079365079,160.75255458925704,3,15.516574466661531,42.38033067304425,20.853813919224173,14.980627545194459,,,,3439145
2025-08-18,114.25,114.505,111.82,112.06,,,,,,,,,,,,,,,,,,,,,,,,,,,,,,,,,,,,,,,,,,,,,,,,,,,,,,,,,,,,,,,1.0790867211825363,45.43923405512522,55.55555555555556,207.8549326151982,3,14.75994997680345,40.14423416307745,19.243066988776135,15.4057208293137,,,,3373391
2025-08-19,112.23,113.37,111.1,112.48,,,,,,,,,,,,,,,,,,,,,,,,,,,,,,,,,,,,,,,,,,,,,,,,,,,,,,,,,,,,,,,1.1635306918120165,50.48981391942464,61.507936507936506,301.75344107127796,3,12.567363153080468,37.58799321478861,17.978718479035276,16.47750859835304,,,,3558048
2025-08-20,112.11,113.73,111.54,113.35,,,,,,,,,,,,,,,,,,,,,,,,,,,,,,,,,,,,,,,,,,,,,,,,,,,,,,,,,,,,,,,0.8929341124015908,54.96432953173594,69.04761904761905,325.8743104916315,3,12.906232702386964,35.42981417262612,17.880285754865067,15.424557585824118,,,,2741079
2025-08-21,112.59,112.9,111.11,112.59,,,,,,,,,,,,,,,,,,,,,,,,,,,,,,,,,,,,,,,,,,,,,,,,,,,,,,,,,,,,,,,0.9730998194654685,57.78409774328718,71.42857142857143,346.69164989401486,3,12.936014755815881,33.12676030079683,16.70447345938554,15.672596814203338,,,,2914995
2025-08-22,112.88,113.87,111.97,113.32,,,,,,,,,,,,,,,,,,,,,,,,,,,,,,,,,,,,,,,,,,,,,,,,,,,,,,,,,,,,,,,0.7396354384688788,59.237786410602624,73.01587301587301,350.4730379132557,3,13.15012918087444,31.586535547193357,18.65083239875408,14.784499734695867,,,,2223752
2025-08-25,113.54,114.5,111.63,111.8,,,,,,,,,,,,,,,,,,,,,,,,,,,,,,,,,,,,,,,,,,,,,,,,,,,,,,,,,,,,,,,0.8105865145784807,58.85596646485772,71.82539682539682,338.5375000421915,3,13.420965472552568,30.516797844029682,18.929382602975945,13.536699013487679,,,,2341521
2025-08-26,112.78,112.97,111.2,111.98,,,,,,,,,,,,,,,,,,,,,,,,,,,,,,,,,,,,,,,,,,,,,,,,,,,,,,,,,,,,,,,1.3269942589962234,57.16419288823125,70.63492063492063,325.3562822331277,3,13.439132152490677,29.188162133474975,17.924617488151988,14.107681452551747,,,,3894313
2025-08-27,112.13,113.72,111.64,112.86,,,,,,,,,,,,,,,,,,,,,,,,,,,,,,,,,,,,,,,,,,,,,,,,,,,,,,,,,,,,,,,1.0156509566995036,54.07929753114147,67.46031746031746,297.4093999675487,3,13.60795631295018,28.39673716751579,19.066020371053426,13.219660615421272,,,,3011990
2025-08-28,115.08,115.735,111.775,112.5,,,,,,,,,,,,,,,,,,,,,,,,,,,,,,,,,,,,,,,,,,,,,,,,,,,,,,,,,,,,,,,1.0524685255630737,51.509540325216896,62.301587301587304,280.5271843749116,3,13.53636282512408,28.65052257657711,22.702978391552925,11.70857803005296,,,,3115605
2025-08-29,113.5,113.65,108.61,109.17,,,,,,,,,,,,,,,,,,,,,,,,,,,,,,,,,,,,,,,,,,,,,,,,,,,,,,,,,,,,,,,1.2457570378068963,49.034412779462386,60.317460317460316,199.0795455029023,3,16.395107427694867,26.79063413766929,19.62786587939646,18.628575334267737,,,,3723193
2025-09-02,108.9,112.13,108.04,111.35,,,,,,,,,,,,,,,,,,,,,,,,,,,,,,,,,,,,,,,,,,,,,,,,,,,,,,,,,,,,,,,1.7790597021873094,45.573884512481314,55.95238095238095,156.89312227240123,3,17.7404066365608,24.993436602982655,17.550362577955216,18.131937196308733,,,,5514886
2025-09-03,100.8,104.28,98,102.03,,,,,,,,,,,,,,,,,,,,,,,,,,,,,,,,,,,,,,,,,,,,,,,,,,,,,,,,,,,,,,,4.20819359116721,51.416992440150445,62.301587301587304,49.19393380724857,3,34.46319238862536,26.412839918165226,12.791263650572446,33.60860180738195,,,,15866118
2025-09-04,101.68,101.85,98.725,100.25,,,,,,,,,,,,,,,,,,,,,,,,,,,,,,,,,,,,,,,,,,,,,,,,,,,,,,,,,,,,,,,1.9041248867144442,58.14562308840727,72.61904761904762,69.19660362163197,3,34.365715294401625,27.730857282263333,11.928856525209655,31.34265698254286,,,,7670942
2025-09-05,100.18,101.24,99.1201,101.12,,,,,,,,,,,,,,,,,,,,,,,,,,,,,,,,,,,,,,,,,,,,,,,,,,,,,,,,,,,,,,,1.3854836978491432,63.67125954973315,78.96825396825396,84.7179317503144,3,34.469452395016205,28.954730548925856,11.398024558431317,29.947914392174606,,,,5825475
2025-09-08,101.045,101.37,96.96,99.4,,,,,,,,,,,,,,,,,,,,,,,,,,,,,,,,,,,,,,,,,,,,,,,,,,,,,,,,,,,,,,,1.6679086255651472,70.9133053924753,80.95238095238095,104.75194852320134,3,34.633763392214945,30.507175962659915,10.364729995509958,31.67344777714698,,,,7464541
2025-09-09,99,99.37,95.38,96.3,,,,,,,,,,,,,,,,,,,,,,,,,,,,,,,,,,,,,,,,,,,,,,,,,,,,,,,,,,,,,,,1.668136941528804,77.97073780392374,82.53968253968254,119.51236146311312,3,35.51997586114345,32.21928951415459,9.517700135523823,32.29699198134077,,,,7918860
2025-09-10,97.35,99.77,97,98.85,,,,,,,,,,,,,,,,,,,,,,,,,,,,,,,,,,,,,,,,,,,,,,,,,,,,,,,,,,,,,,,1.1660244220878373,83.30820112306736,83.33333333333333,122.41419221814272,3,37.45633329070975,33.58276770625089,9.65959149647901,30.01669357189923,,,,5670252
2025-09-11,99.23,101.03,98.69,99.39,,,,,,,,,,,,,,,,,,,,,,,,,,,,,,,,,,,,,,,,,,,,,,,,,,,,,,,,,,,,,,,0.7708348920156958,88.0554170748187,85.31746031746032,137.20524193218935,3,37.122036746553604,34.14571379922255,11.814728068877447,28.552672144132448,,,,3765221
2025-09-12,98.94,99.73,96.6,97.45,,,,,,,,,,,,,,,,,,,,,,,,,,,,,,,,,,,,,,,,,,,,,,,,,,,,,,,,,,,,,,,0.7505380723096212,92.29803140258723,86.9047619047619,147.0482876530318,3,37.36032023513381,35.10377612051186,11.039136885340161,31.061699480045906,,,,3666367
2025-09-15,97.45,98.685,96.605,97.26,,,,,,,,,,,,,,,,,,,,,,,,,,,,,,,,,,,,,,,,,,,,,,,,,,,,,,,,,,,,,,,0.8329748263758433,95.24525809642932,87.6984126984127,154.57782658405742,3,37.41302193299262,35.99340541885193,10.5437898636772,29.66790207676671,,,,4096445
2025-09-16,96.75,97.38,94.9,95.48,,,,,,,,,,,,,,,,,,,,,,,,,,,,,,,,,,,,,,,,,,,,,,,,,,,,,,,,,,,,,,,1.0528238026232326,96.51935150404432,88.0952380952381,156.95209452585578,3,37.56316977378523,37.15539075695602,9.969387843608654,31.797007103125114,,,,5277884
2025-09-17,95.7,98.705,95.47,97.78,,,,,,,,,,,,,,,,,,,,,,,,,,,,,,,,,,,,,,,,,,,,,,,,,,,,,,,,,,,,,,,1.0439523949222476,95.84423660899789,88.0952380952381,145.95190152348775,3,38.96869103890422,37.47514545501019,12.172347952863134,29.53659834430012,,,,5325677
2025-09-18,96.85,98.54,96.5,98.26,,,,,,,,,,,,,,,,,,,,,,,,,,,,,,,,,,,,,,,,,,,,,,,,,,,,,,,,,,,,,,,0.7507316548436929,93.68330426568532,87.3015873015873,141.15921430149677,3,38.84707641672884,37.77206053177479,11.611765425490784,28.176326602648572,,,,3872286
2025-09-19,98.54,98.8699,94.64,95.26,,,,,,,,,,,,,,,,,,,,,,,,,,,,,,,,,,,,,,,,,,,,,,,,,,,,,,,,,,,,,,,1.3309948655049635,90.64301779946223,86.9047619047619,128.24575682882679,3,39.712903783547695,38.473245176684465,10.528994210045898,29.64930044632246,,,,7146927
2025-09-22,95.3,95.83,93.72,94.48,,,,,,,,,,,,,,,,,,,,,,,,,,,,,,,,,,,,,,,,,,,,,,,,,,,,,,,,,,,,,,,0.6178707876027495,86.94019730215116,84.92063492063492,120.96485337387514,3,39.345713118930874,39.31736296534814,10.026727164906134,30.314884325244762,,,,3352601
2025-09-23,94.87,95.22,93.79,94.65,,,,,,,,,,,,,,,,,,,,,,,,,,,,,,,,,,,,,,,,,,,,,,,,,,,,,,,,,,,,,,,0.6079136131574772,81.73546474066164,82.93650793650794,107.00175338408337,3,39.485397299512144,40.101186626250126,9.689376256883223,29.294934985292162,,,,3328575
2025-09-24,94.65,96.27,94.24,95.9,,,,,,,,,,,,,,,,,,,,,,,,,,,,,,,,,,,,,,,,,,,,,,,,,,,,,,,,,,,,,,,0.6545299035991017,74.41409791420357,81.74603174603175,85.81597087333016,3,40.04720238225986,40.14321174514655,11.745707658209575,27.861833135517326,,,,3573313
2025-09-25,95.9,96.635,93.79,94.03,,,,,,,,,,,,,,,,,,,,,,,,,,,,,,,,,,,,,,,,,,,,,,,,,,,,,,,,,,,,,,,0.617733886534978,64.60596283644736,79.36507936507937,62.20599546245492,3,39.8295776011568,40.30357139963314,10.938105376546678,27.033679162180487,,,,3383918
2025-09-26,94.1,95.529,93.41,95.06,,,,,,,,,,,,,,,,,,,,,,,,,,,,,,,,,,,,,,,,,,,,,,,,,,,,,,,,,,,,,,,0.7601451668621426,50.98706260418167,61.111111111111114,26.242052789434982,3,40.3883345347888,40.55693907677856,10.366390761091257,26.55800276364694,,,,4205463
2025-09-29,95.4,95.4,91.71,94.21,,,,,,,,,,,,,,,,,,,,,,,,,,,,,,,,,,,,,,,,,,,,,,,,,,,,,,,,,,,,,,,1.0280240509558571,38.69930641529582,48.41269841269841,-2.3174680786555912,1,39.61742765477982,41.229261623697546,9.4409803554576,28.299884970695118,,,,5793927
2025-09-30,94.38,95.05,93.43,94.37,,,,,,,,,,,,,,,,,,,,,,,,,,,,,,,,,,,,,,,,,,,,,,,,,,,,,,,,,,,,,,,0.7555892170092762,15.925391185838974,14.682539682539682,-58.67396890566524,0,38.53598026262467,41.85356113155088,9.058645916479353,27.1538153639339,,,,4209159
2025-10-01,93.75,93.81,90.19,90.32,,,,,,,,,,,,,,,,,,,,,,,,,,,,,,,,,,,,,,,,,,,,,,,,,,,,,,,,,,,,,,,1.4454043253636777,18.648609162860055,21.825396825396826,-35.79193542562775,0,29.044029416677645,43.12695525196391,8.142375997397485,32.247474517243475,,,,7443183
2025-10-02,90.3,90.6453,88.075,90.24,,,,,,,,,,,,,,,,,,,,,,,,,,,,,,,,,,,,,,,,,,,,,,,,,,,,,,,,,,,,,,,1.2154728534479584,23.081609831964485,28.174603174603174,-19.81193848312953,1,28.784346940608398,44.65519921012716,7.631227858642859,35.388714578058185,,,,6167787
2025-10-03,90.39,91.03,89.05,89.98,,,,,,,,,,,,,,,,,,,,,,,,,,,,,,,,,,,,,,,,,,,,,,,,,,,,,,,,,,,,,,,0.7594991242884123,28.419159457216846,39.682539682539684,0.22256569637952053,2,28.356048620139717,45.804229775321936,8.21524308481188,33.63694019604103,,,,3776175
2025-10-06,90.12,90.24,87.45,87.68,,,,,,,,,,,,,,,,,,,,,,,,,,,,,,,,,,,,,,,,,,,,,,,,,,,,,,,,,,,,,,,0.9905373824109579,31.653313436941556,42.857142857142854,9.336093233200145,2,28.95047051793685,47.13287949932954,7.641256358317137,35.29357338223948,,,,4792545
2025-10-07,85.28,86.47,84.71,85.04,,,,,,,,,,,,,,,,,,,,,,,,,,,,,,,,,,,,,,,,,,,,,,,,,,,,,,,,,,,,,,,1.0766479132503852,32.818559049886474,44.04761904761905,13.835442078408175,2,28.829825272942266,48.739954767395126,7.074599415543982,39.51776008042302,,,,5055008
2025-10-08,85.91,88.36,85.755,87.83,,,,,,,,,,,,,,,,,,,,,,,,,,,,,,,,,,,,,,,,,,,,,,,,,,,,,,,,,,,,,,,1.4333447364726892,33.817220671584295,45.63492063492063,13.62468952571945,2,29.76221172769816,49.040588466446636,11.160399920722918,36.27901169590395,,,,6811541
2025-10-09,88.14,89.27,87.2501,89.02,,,,,,,,,,,,,,,,,,,,,,,,,,,,,,,,,,,,,,,,,,,,,,,,,,,,,,,,,,,,,,,0.9468725104044483,34.58334158157484,47.61904761904762,14.241921571129307,2,30.27202370720153,48.789656927602095,12.88756447692034,34.43016677565916,,,,4536230
2025-10-10,89.63,93.08,87.565,87.61,,,,,,,,,,,,,,,,,,,,,,,,,,,,,,,,,,,,,,,,,,,,,,,,,,,,,,,,,,,,,,,1.2107656943823755,35.09399325897702,48.01587301587302,16.677811788290605,2,30.077692340214885,46.69072498292171,20.211033839517157,29.943283336208275,,,,5937997
2025-10-13,89.03,93.72,88.79,92.59,,,,,,,,,,,,,,,,,,,,,,,,,,,,,,,,,,,,,,,,,,,,,,,,,,,,,,,,,,,,,,,1.4916683832965651,36.55103441727763,49.6031746031746,-0.35221718233701105,1,36.68022848452058,44.47347212842949,18.900885237335412,25.91405873640987,,,,7575086
2025-10-14,92.62,96.175,92.235,95.58,,,,,,,,,,,,,,,,,,,,,,,,,,,,,,,,,,,,,,,,,,,,,,,,,,,,,,,,,,,,,,,1.3650635004701075,37.82541408846798,51.58730158730159,-0.4929775346467804,1,38.01280869562567,41.46473595015668,22.610610073813735,23.699435960621308,,,,7053333
2025-10-15,100.46,100.53,94.785,95.97,,,,,,,,,,,,,,,,,,,,,,,,,,,,,,,,,,,,,,,,,,,,,,,,,,,,,,,,,,,,,,,1.6469069634450246,38.914212915144695,53.17460317460318,5.001901906999138,2,37.06048386591251,39.65173541083128,28.904520322101412,20.895343482961838,,,,8795339
2025-10-16,95.48,96.38,92.67,94.03,,,,,,,,,,,,,,,,,,,,,,,,,,,,,,,,,,,,,,,,,,,,,,,,,,,,,,,,,,,,,,,0.9701765070771052,39.81340134746137,53.96825396825397,5.914920565580765,2,37.589983672611616,37.25443621854179,26.706929455125874,23.640970561678735,,,,5247980
2025-10-17,94.35,96.69,94.13,96.44,,,,,,,,,,,,,,,,,,,,,,,,,,,,,,,,,,,,,,,,,,,,,,,,,,,,,,,,,,,,,,,0.7508145846140697,40.429563697947685,54.76190476190476,8.682929751292498,2,37.199552671671405,35.118300986077905,25.872257672071974,22.330087618701082,,,,3941033
2025-10-20,96.59,99.265,96.475,99.02,,,,,,,,,,,,,,,,,,,,,,,,,,,,,,,,,,,,,,,,,,,,,,,,,,,,,,,,,,,,,,,0.8644199887665462,39.86459796345851,54.36507936507937,4.682741909733903,2,38.081346778089795,33.84341985167856,29.765251545326123,20.998388605509433,,,,4590868
2025-10-21,98.6,99.645,97.58,98.95,,,,,,,,,,,,,,,,,,,,,,,,,,,,,,,,,,,,,,,,,,,,,,,,,,,,,,,,,,,,,,,0.6718899272199744,38.96720339567985,53.57142857142857,2.2875207892935268,2,38.09575507842259,32.758484097579384,29.255706558903714,20.05679505571148,,,,3576691
2025-10-22,98.51,101.44,97.43,100.47,,,,,,,,,,,,,,,,,,,,,,,,,,,,,,,,,,,,,,,,,,,,,,,,,,,,,,,,,,,,,,,0.8372200565683551,38.021995587568604,51.98412698412698,-0.4120971084269452,1,38.17933150873283,32.20684639683379,30.585233527453514,18.337224108861196,,,,4495397
2025-10-23,100.17,102.1499,99.69,100.62,,,,,,,,,,,,,,,,,,,,,,,,,,,,,,,,,,,,,,,,,,,,,,,,,,,,,,,,,,,,,,,0.5945538934263419,36.878652884201465,50,-1.2196940460419576,1,37.33401362554068,31.86772931666559,30.492696576957222,17.354292634724064,,,,3186550
2025-10-24,100.6,101.19,98.865,99.05,,,,,,,,,,,,,,,,,,,,,,,,,,,,,,,,,,,,,,,,,,,,,,,,,,,,,,,,,,,,,,,0.4146222566642658,35.11827631368046,48.41269841269841,-7.07667152446692,1,37.792744717412035,31.198778180637216,28.915070443680026,18.29227778442312,,,,2180209
2025-10-27,100.02,102.99,100.02,102.59,,,,,,,,,,,,,,,,,,,,,,,,,,,,,,,,,,,,,,,,,,,,,,,,,,,,,,,,,,,,,,,0.93160075235393,32.256716899400956,44.04761904761905,-17.759593876617817,1,39.22246790830218,31.041076001222418,30.361910300953,16.71412231941946,,,,4854898
2025-10-28,102.415,104.49,100.14,102.7,,,,,,,,,,,,,,,,,,,,,,,,,,,,,,,,,,,,,,,,,,,,,,,,,,,,,,,,,,,,,,,0.8294599381582483,30.98422832419611,42.46031746031746,-21.015448994186922,0,39.22821352990377,31.24911127424485,30.745296530939168,15.159111349256085,,,,4327515
2025-10-29,101.72,103.2,100.49,101.33,,,,,,,,,,,,,,,,,,,,,,,,,,,,,,,,,,,,,,,,,,,,,,,,,,,,,,,,,,,,,,,0.5284705278161657,25.61624147827403,34.12698412698413,-28.42475376436127,0,35.789246737539266,31.442286884908544,28.93896449129154,14.268490941832388,,,,2629991
2025-10-30,101.94,102.005,98.66,98.8,,,,,,,,,,,,,,,,,,,,,,,,,,,,,,,,,,,,,,,,,,,,,,,,,,,,,,,,,,,,,,,0.635678854792758,27.256687211922927,39.285714285714285,-26.968988615016908,0,37.322072767470324,30.76066842928365,26.84265283879404,17.197929019808704,,,,3064903
2025-10-31,98.1,99.8229,97.72,99.12,,,,,,,,,,,,,,,,,,,,,,,,,,,,,,,,,,,,,,,,,,,,,,,,,,,,,,,,,,,,,,,0.5745698174455645,27.36827957486595,40.07936507936508,-26.48624538383537,0,37.22878761636269,29.714867160374368,25.58774437849307,18.483673858596323,,,,2740515
2025-11-03,98.63,100.95,97.01,100.85,,,,,,,,,,,,,,,,,,,,,,,,,,,,,,,,,,,,,,,,,,,,,,,,,,,,,,,,,,,,,,,0.862946785571682,27.61923548329584,40.87301587301587,-22.645060419825846,0,35.7045531070062,29.089452279901934,25.84796569491113,16.89040536076186,,,,4085473
2025-11-04,101.22,103,99.81,102.07,,,,,,,,,,,,,,,,,,,,,,,,,,,,,,,,,,,,,,,,,,,,,,,,,,,,,,,,,,,,,,,1.0747172579316457,28.293764966891704,41.26984126984127,-14.250590430760015,1,32.99587146899871,29.081966674515336,28.533384836648978,15.70968438908833,,,,5089941
2025-11-05,102.15,105.19,100.59,104.92,,,,,,,,,,,,,,,,,,,,,,,,,,,,,,,,,,,,,,,,,,,,,,,,,,,,,,,,,,,,,,,0.7902694562331991,31.319589346086733,44.84126984126984,-3.97233118258301,1,32.615171993435034,29.605585956105756,30.40136608902882,14.171287651891381,,,,3616529
2025-11-06,104.07,105.15,100.12,101.97,,,,,,,,,,,,,,,,,,,,,,,,,,,,,,,,,,,,,,,,,,,,,,,,,,,,,,,,,,,,,,,0.8161406652971662,32.18216920198964,46.42857142857143,-8.101560167964198,1,35.01927699840115,29.861813451058506,27.25803406730048,13.672166402429868,,,,3700834
2025-11-07,101.62,105.98,101.415,105.74,,,,,,,,,,,,,,,,,,,,,,,,,,,,,,,,,,,,,,,,,,,,,,,,,,,,,,,,,,,,,,,0.6833807042407528,32.17981007122063,46.03174603174603,-9.113932706358009,1,35.406758185775075,30.30474801322268,26.42502307441586,12.417341147778425,,,,2998383
2025-11-10,105.81,107.48,104.56,106.29,,,,,,,,,,,,,,,,,,,,,,,,,,,,,,,,,,,,,,,,,,,,,,,,,,,,,,,,,,,,,,,0.6683001139037624,30.95403162759759,43.25396825396825,-0.8586903878356567,1,31.222133083260807,31.06843636356932,27.908323671464505,11.67896601355874,,,,2771711
2025-11-11,106.06,107,104.8201,105.98,,,,,,,,,,,,,,,,,,,,,,,,,,,,,,,,,,,,,,,,,,,,,,,,,,,,,,,,,,,,,,,0.7698653373224453,29.049830842063294,41.666666666666664,-3.240920922237428,1,30.022847591094532,31.777575546034054,26.634997925022105,11.146109640959931,,,,3038395
2025-11-12,105.98,106.75,104.345,106.18,,,,,,,,,,,,,,,,,,,,,,,,,,,,,,,,,,,,,,,,,,,,,,,,,,,,,,,,,,,,,,,0.6875740604621094,30.01485466930425,42.06349206349206,-0.09167891974507221,1,30.04239721453606,32.1584707484869,25.26539386429775,11.588772707004086,,,,2497094
2025-11-13,102.485,104.65,101.5,103.15,,,,,,,,,,,,,,,,,,,,,,,,,,,,,,,,,,,,,,,,,,,,,,,,,,,,,,,,,,,,,,,0.9117524901503999,31.702736435235927,45.23809523809524,2.0009867314219663,2,31.080813481454022,31.034084841705656,22.807641097452287,16.37500020899468,,,,3218745
2025-11-14,103.52,104.8899,102.66,104.75,,,,,,,,,,,,,,,,,,,,,,,,,,,,,,,,,,,,,,,,,,,,,,,,,,,,,,,,,,,,,,,0.9989568823072635,33.37246720017399,47.61904761904762,9.661775621028521,2,30.432178405995604,30.07072927740798,22.23478681185797,15.596491882081095,,,,3504813
2025-11-17,104.79,106.21,103.58,103.67,,,,,,,,,,,,,,,,,,,,,,,,,,,,,,,,,,,,,,,,,,,,,,,,,,,,,,,,,,,,,,,0.7594311698708596,38.04556258660421,55.55555555555556,28.13497583150036,3,29.691785821721904,29.61304574637461,23.826983116891288,14.708314132755111,,,,2588407
2025-11-18,102.36,103.94,99.2244,101.57,,,,,,,,,,,,,,,,,,,,,,,,,,,,,,,,,,,,,,,,,,,,,,,,,,,,,,,,,,,,,,,1.2383098901659066,46.220959731269474,65.47619047619048,50.49439448351058,3,30.71274507591964,27.65009264082551,21.46650390933002,22.40164217463287,,,,4263092
2025-11-19,101.91,102.47,99.32,99.95,,,,,,,,,,,,,,,,,,,,,,,,,,,,,,,,,,,,,,,,,,,,,,,,,,,,,,,,,,,,,,,1.051184665350226,53.86975521194059,76.58730158730158,74.71258888790018,3,30.833356402557076,25.827350471387057,20.038422610543925,20.911349838870333,,,,3570257
2025-11-20,101.26,102.225,98.4,98.555,,,,,,,,,,,,,,,,,,,,,,,,,,,,,,,,,,,,,,,,,,,,,,,,,,,,,,,,,,,,,,,0.7273527017543924,59.89661538300018,84.92063492063492,92.0426718253344,3,31.189222069081097,24.474642965347343,18.43468639995132,21.162728686960943,,,,2443362
2025-11-21,98.87,103.105,98.825,101.82,,,,,,,,,,,,,,,,,,,,,,,,,,,,,,,,,,,,,,,,,,,,,,,,,,,,,,,,,,,,,,,0.8882425154873392,64.76958359039527,90.07936507936508,97.69602894044723,3,32.76220768698701,22.85445454192186,18.51893456060511,19.19476597397112,,,,3021181
2025-11-24,102.33,102.37,99.47,100.25,,,,,,,,,,,,,,,,,,,,,,,,,,,,,,,,,,,,,,,,,,,,,,,,,,,,,,,,,,,,,,,1.19335209955,67.75312387796106,90.87301587301587,119.83695562668342,3,30.819715313478124,21.34999386302677,17.407815107065197,18.043097242164315,,,,4008445
2025-11-25,101,106.035,100.605,105.66,,,,,,,,,,,,,,,,,,,,,,,,,,,,,,,,,,,,,,,,,,,,,,,,,,,,,,,,,,,,,,,0.7985106245274899,69.71185142694956,91.26984126984127,93.6402564490198,3,36.00070187125723,21.058240749098626,22.653789086537888,15.98297738603916,,,,2613758
2025-11-26,106.1,111.125,105.825,109.75,,,,,,,,,,,,,,,,,,,,,,,,,,,,,,,,,,,,,,,,,,,,,,,,,,,,,,,,,,,,,,,1.2235962117321357,68.51823724189344,90.47619047619048,81.82783432817797,3,37.68302993601411,22.080104938086325,29.98911804609721,14.319624094037273,,,,4094804
2025-11-28,109.82,111.95,109.71,110.81,,,,,,,,,,,,,,,,,,,,,,,,,,,,,,,,,,,,,,,,,,,,,,,,,,,,,,,,,,,,,,,0.6506962404266687,66.67166334549115,89.68253968253968,84.32456045316964,3,36.17079741385309,23.19878580189011,30.289586096998708,13.690704467004316,,,,2147736
2025-12-01,110.1,111.725,109.19,109.89,,,,,,,,,,,,,,,,,,,,,,,,,,,,,,,,,,,,,,,,,,,,,,,,,,,,,,,,,,,,,,,1.0947046300822512,64.5481683368389,87.6984126984127,76.88421106356577,3,36.49176370730038,23.997913183682318,28.750632372698416,14.03732263678372,,,,3663799
2025-12-02,109.89,110.51,107.74,108.99,,,,,,,,,,,,,,,,,,,,,,,,,,,,,,,,,,,,,,,,,,,,,,,,,,,,,,,,,,,,,,,1.6767663469053244,62.14049771465751,85.71428571428571,70.29474962973437,3,36.489966866134935,24.08569338489347,27.128647309752214,16.19856301697663,,,,5751546
2025-12-03,108.875,114.375,107.4401,112.92,,,,,,,,,,,,,,,,,,,,,,,,,,,,,,,,,,,,,,,,,,,,,,,,,,,,,,,,,,,,,,,1.8637504813518693,59.729938357539815,81.74603174603175,57.12570264933592,3,38.01411058179428,25.04118985144795,30.90505085723281,14.059966512825332,,,,6526828
2025-12-04,114.74,119.21,114.34,115.87,,,,,,,,,,,,,,,,,,,,,,,,,,,,,,,,,,,,,,,,,,,,,,,,,,,,,,,,,,,,,,,1.4116564445248443,54.77691808426063,75.39682539682539,44.574838204054565,3,37.88827901501634,26.735315766749217,36.15527811048496,12.453934931964456,,,,5044383
2025-12-05,115.92,125.79,115.63,122.44,,,,,,,,,,,,,,,,,,,,,,,,,,,,,,,,,,,,,,,,,,,,,,,,,,,,,,,,,,,,,,,1.9082235058886021,59.847740159792664,81.74603174603175,51.16066445531071,3,39.59213885136507,29.074561170227724,40.89750357591342,10.389535734042717,,,,7147672
2025-12-08,124.65,124.65,117.43,120.33,,,,,,,,,,,,,,,,,,,,,,,,,,,,,,,,,,,,,,,,,,,,,,,,,,,,,,,,,,,,,,,0.9776592195635138,65.0908034775271,89.28571428571429,65.59084553417522,3,39.30821372857441,31.246717616314918,36.29342039247658,9.219921880521492,,,,3696147
2025-12-09,119.62,121.55,118.865,119.68,,,,,,,,,,,,,,,,,,,,,,,,,,,,,,,,,,,,,,,,,,,,,,,,,,,,,,,,,,,,,,,0.6470360828320162,69.48115286203797,90.87301587301587,75.80292209436979,3,39.522183155033666,33.26372003053874,34.727700167398496,8.822168844134628,,,,2435307
2025-12-10,120.01,124.47,119.5001,124.24,,,,,,,,,,,,,,,,,,,,,,,,,,,,,,,,,,,,,,,,,,,,,,,,,,,,,,,,,,,,,,,0.682043826290178,76.681234521557,92.85714285714286,87.83348043501077,3,40.82405029389222,35.437495436287605,36.63021395535955,8.123579819806126,,,,2550428
2025-12-11,123.96,130.53,123.3851,129.97,,,,,,,,,,,,,,,,,,,,,,,,,,,,,,,,,,,,,,,,,,,,,,,,,,,,,,,,,,,,,,,0.7985486193358396,91.81177003644865,98.01587301587301,114.97302651561769,3,42.70850698088793,37.944895260608575,41.89247466707673,7.236417303587842,,,,3006421
2025-12-12,130.2,130.595,127.735,129.87,,,,,,,,,,,,,,,,,,,,,,,,,,,,,,,,,,,,,,,,,,,,,,,,,,,,,,,,,,,,,,,0.6720454536739594,102.89514342898465,100,153.95081836247314,3,40.51774437762146,40.27776771059629,40.111149073297724,6.911064008882468,,,,2506212
2025-12-15,131.295,132.43,130.24,131.17,,,,,,,,,,,,,,,,,,,,,,,,,,,,,,,,,,,,,,,,,,,,,,,,,,,,,,,,,,,,,,,0.6105375036861693,112.70959548222406,100,178.32368217698016,3,40.49586962943182,42.57412599380277,41.42249956634509,6.623979853352983,,,,2238168
2025-12-16,130.66,132.48,130.46,131.15,,,,,,,,,,,,,,,,,,,,,,,,,,,,,,,,,,,,,,,,,,,,,,,,,,,,,,,,,,,,,,,0.9114602776691898,119.30548865520048,100,198.56340092161707,3,39.95985049973429,44.710033782092474,40.09458085310059,6.398133193002513,,,,3377271
2025-12-17,131.57,131.75,127.19,128.35,,,,,,,,,,,,,,,,,,,,,,,,,,,,,,,,,,,,,,,,,,,,,,,,,,,,,,,,,,,,,,,1.0607851428807393,122.04209778278685,100,204.53455758703024,3,40.074958569491585,45.29686896686282,37.02559508823018,11.397382480526948,,,,3911946
2025-12-18,129.48,130.65,126.18,126.9,,,,,,,,,,,,,,,,,,,,,,,,,,,,,,,,,,,,,,,,,,,,,,,,,,,,,,,,,,,,,,,0.7596350627203805,122.08741412873832,100,207.56813672343318,3,39.694428502689775,45.44489061647811,34.25743382139949,12.234560864040652,,,,2771013
2025-12-19,126.264,127.86,125.58,127.84,,,,,,,,,,,,,,,,,,,,,,,,,,,,,,,,,,,,,,,,,,,,,,,,,,,,,,,,,,,,,,,1.6004712746615113,119.9488437727194,99.2063492063492,210.71840150085833,3,38.603714229132336,45.34320694738099,32.90605482600866,12.790033777498703,,,,6133534
2025-12-22,128.61,128.61,121.89,122.49,,,,,,,,,,,,,,,,,,,,,,,,,,,,,,,,,,,,,,,,,,,,,,,,,,,,,,,,,,,,,,,1.0955714666533398,115.62981369246934,98.41269841269842,172.70155893790334,3,42.401596141516485,43.90340028799237,29.244349348966566,17.47712031306747,,,,4266826
2025-12-23,122.49,123.08,119.05,119.53,,,,,,,,,,,,,,,,,,,,,,,,,,,,,,,,,,,,,,,,,,,,,,,,,,,,,,,,,,,,,,,0.8645180155132379,108.75389625395503,97.61904761904762,151.954240558431,3,43.16414600243007,41.691944254145604,27.28356780487889,21.030296683701014,,,,3337981
2025-12-24,120.05,122.59,119.2,122.01,,,,,,,,,,,,,,,,,,,,,,,,,,,,,,,,,,,,,,,,,,,,,,,,,,,,,,,,,,,,,,,0.34368247489952564,98.90606692575695,96.82539682539682,144.77492326086488,3,40.40694430954817,39.6384493655736,25.721286385747046,19.82608314452082,,,,1304490
2025-12-26,122,124.46,121.01,123.95,,,,,,,,,,,,,,,,,,,,,,,,,,,,,,,,,,,,,,,,,,,,,,,,,,,,,,,,,,,,,,,0.5139446954969267,91.47943468524934,94.04761904761905,134.67970450035017,3,38.98054792595533,38.163764880662605,27.4031577641049,18.655330534290584,,,,1894192
2025-12-29,123.24,125.5,123.24,123.93,,,,,,,,,,,,,,,,,,,,,,,,,,,,,,,,,,,,,,,,,,,,,,,,,,,,,,,,,,,,,,,0.6872376907160913,84.39260642808998,90.47619047619048,116.30408132478426,3,39.015725413600975,37.025622951855375,28.147597030518472,17.909260012550384,,,,2546585
2025-12-30,122.86,124.75,122.14,124.02,,,,,,,,,,,,,,,,,,,,,,,,,,,,,,,,,,,,,,,,,,,,,,,,,,,,,,,,,,,,,,,0.45665142695716376,77.05887515657183,88.0952380952381,98.94929177977446,3,38.732922579021604,35.58870090509108,26.81391028218501,19.057623663574017,,,,1646069
2025-12-31,123.28,124.37,122.8006,123.01,,,,,,,,,,,,,,,,,,,,,,,,,,,,,,,,,,,,,,,,,,,,,,,,,,,,,,,,,,,,,,,0.468276942083705,68.56595084228879,84.52380952380952,77.03226523060749,3,38.73076512520062,34.25441614738138,26.01568478281413,18.49029569814163,,,,1590550
2026-01-02,122.7,128.95,122.7,127.7,,,,,,,,,,,,,,,,,,,,,,,,,,,,,,,,,,,,,,,,,,,,,,,,,,,,,,,,,,,,,,,0.8708244098657921,62.83742624546004,79.36507936507937,61.42368324256153,3,38.92701800827953,34.046365876346265,31.366832947900175,16.396870427039175,,,,2795371
2026-01-05,128,129.62,125.885,128.57,,,,,,,,,,,,,,,,,,,,,,,,,,,,,,,,,,,,,,,,,,,,,,,,,,,,,,,,,,,,,,,0.732696895897768,59.22681430476007,74.60317460317461,54.765713460304596,3,38.26869206398934,33.98380403227796,30.454844866091836,15.283280097785175,,,,2249591
2026-01-06,129.25,135.18,129.09,133.78,,,,,,,,,,,,,,,,,,,,,,,,,,,,,,,,,,,,,,,,,,,,,,,,,,,,,,,,,,,,,,,1.4163828364530668,67.12270432215097,83.33333333333333,86.2531409271394,3,36.03842812423162,34.84353513496405,36.60448313133498,13.53176291300976,,,,4135376
2026-01-07,134,134.16,130.65,131.56,,,,,,,,,,,,,,,,,,,,,,,,,,,,,,,,,,,,,,,,,,,,,,,,,,,,,,,,,,,,,,,0.8716072854965164,75.4316480539717,86.9047619047619,109.59311467977841,3,35.98956395548492,35.64185687317256,34.35307715148886,12.699474369803138,,,,2492347
2026-01-08,131.48,133.1,131,131.61,,,,,,,,,,,,,,,,,,,,,,,,,,,,,,,,,,,,,,,,,,,,,,,,,,,,,,,,,,,,,,,1.09475716600404,84.59917011759386,90.47619047619048,136.01588031304556,3,35.844694011853626,36.38315563008046,33.04358309332435,12.215387131977662,,,,3170694
2026-01-09,130.77,132.75,129.64,132.38,,,,,,,,,,,,,,,,,,,,,,,,,,,,,,,,,,,,,,,,,,,,,,,,,,,,,,,,,,,,,,,0.8795287952989997,94.00254473039351,95.23809523809524,177.86887730041764,3,33.82982133287376,36.49283253772631,31.149846480754995,14.021492522395299,,,,2547196
2026-01-12,131.76,137.4,130.62,137.24,,,,,,,,,,,,,,,,,,,,,,,,,,,,,,,,,,,,,,,,,,,,,,,,,,,,,,,,,,,,,,,0.9957432549193986,96.20884668071021,96.03174603174604,195.66996731672515,3,32.53926922434099,37.346902435932925,35.58931831100666,12.358628600165114,,,,2877337
2026-01-13,136.72,138.465,136.03,137.37,,,,,,,,,,,,,,,,,,,,,,,,,,,,,,,,,,,,,,,,,,,,,,,,,,,,,,,,,,,,,,,1.18114837483557,97.23225821125891,96.42857142857143,198.97858229582027,3,32.52147945335221,38.287843455515294,35.94665875691241,11.816615807647612,,,,3470010
2026-01-14,137.28,140.6,137.115,140.29,,,,,,,,,,,,,,,,,,,,,,,,,,,,,,,,,,,,,,,,,,,,,,,,,,,,,,,,,,,,,,,0.9907970216984878,94.51834290341242,94.44444444444444,185.98819682318225,3,33.04973560214802,39.443555049734826,37.5495855071696,11.068423040145232,,,,2945849
2026-01-15,140.24,142.4,138.43,141.21,,,,,,,,,,,,,,,,,,,,,,,,,,,,,,,,,,,,,,,,,,,,,,,,,,,,,,,,,,,,,,,0.8814814045957229,90.68472716179936,92.06349206349206,174.45985256492895,3,33.04116296584619,40.736398196003584,38.11110848397766,10.270630616040117,,,,2585954
2026-01-16,141.32,141.85,138.51,139.95,,,,,,,,,,,,,,,,,,,,,,,,,,,,,,,,,,,,,,,,,,,,,,,,,,,,,,,,,,,,,,,0.7742477060765677,86.04593129326494,88.88888888888889,168.05645935590294,3,32.09992831361708,41.936895403253146,35.77484125604652,9.641025792855073,,,,2205300
2026-01-20,139.87,140.18,133.44,134.06,,,,,,,,,,,,,,,,,,,,,,,,,,,,,,,,,,,,,,,,,,,,,,,,,,,,,,,,,,,,,,,1.069470563285856,80.48601334408342,85.71428571428571,125.38161102466205,3,35.710993890835375,41.01746269134566,31.56919656856742,17.350706319913193,,,,3061733
2026-01-21,131.8,133.51,128.89,132.94,,,,,,,,,,,,,,,,,,,,,,,,,,,,,,,,,,,,,,,,,,,,,,,,,,,,,,,,,,,,,,,1.4746052263706004,73.9051455678162,82.53968253968254,106.03902118309394,3,35.86948974201413,38.79264353335601,28.7748324457772,23.604950737243897,,,,4069382
2026-01-22,131.95,133,125.31,126.79,,,,,,,,,,,,,,,,,,,,,,,,,,,,,,,,,,,,,,,,,,,,,,,,,,,,,,,,,,,,,,,1.8028835489939263,65.97491224512534,78.57142857142857,80.15111142034401,3,36.62198458003793,36.195032222010035,25.201551050960305,26.454777581612575,,,,5045506
2026-01-23,127.53,129.35,125.5,128.92,,,,,,,,,,,,,,,,,,,,,,,,,,,,,,,,,,,,,,,,,,,,,,,,,,,,,,,,,,,,,,,1.1966448177029299,56.94362742868203,66.66666666666667,59.64859555270067,3,35.66810420821065,33.782964575760204,23.620101824175126,24.79468580922061,,,,3349596
2026-01-26,129.26,129.79,125.1,125.4,,,,,,,,,,,,,,,,,,,,,,,,,,,,,,,,,,,,,,,,,,,,,,,,,,,,,,,,,,,,,,,1.319770584123592,46.7470928902555,56.74603174603175,27.373938323390945,3,36.70067323471529,31.428309770686642,22.537098003650243,22.908752947843304,,,,3863082
2026-01-27,125.69,126.015,121.23,121.84,,,,,,,,,,,,,,,,,,,,,,,,,,,,,,,,,,,,,,,,,,,,,,,,,,,,,,,,,,,,,,,1.5338163176405604,35.89105672892444,44.84126984126984,-4.854360922353527,1,37.72222991705848,30.159087253431522,20.79889068696034,27.379697811322664,,,,4705190
2026-01-28,121.19,121.55,118.1045,119.1,,,,,,,,,,,,,,,,,,,,,,,,,,,,,,,,,,,,,,,,,,,,,,,,,,,,,,,,,,,,,,,1.0725623519999743,32.800863098322765,39.682539682539684,-14.739656174848914,1,38.47141780895186,29.604714312579844,19.532376252106296,30.807415363989683,,,,3332371
2026-01-29,119.73,120.83,116.65,117.31,,,,,,,,,,,,,,,,,,,,,,,,,,,,,,,,,,,,,,,,,,,,,,,,,,,,,,,,,,,,,,,0.9843746827058297,32.25253837406407,38.888888888888886,-16.706061693258096,1,38.721351192795645,29.3575267136316,18.197062038995323,31.080136030359405,,,,3131489
2026-01-30,116.02,117.97,116.02,117.59,,,,,,,,,,,,,,,,,,,,,,,,,,,,,,,,,,,,,,,,,,,,,,,,,,,,,,,,,,,,,,,1.0030586688759016,32.3435646285184,39.285714285714285,-16.442834294210094,1,38.708307486639924,29.24417167961826,17.592825481106335,31.120897246540423,,,,3275428
2026-02-02,118.09,118.445,116.05,117.22,,,,,,,,,,,,,,,,,,,,,,,,,,,,,,,,,,,,,,,,,,,,,,,,,,,,,,,,,,,,,,,0.7803278220799356,32.62275020505185,39.285714285714285,-9.162527561180365,1,35.913317851312684,28.97858752309349,17.68707370102593,29.81157590698325,,,,2538075
2026-02-03,117.4,121.29,116.05,119.69,,,,,,,,,,,,,,,,,,,,,,,,,,,,,,,,,,,,,,,,,,,,,,,,,,,,,,,,,,,,,,,1.0684379516927665,33.06113518984732,40.07936507936508,-10.107950096676525,1,36.778708712732325,27.81940991201246,20.988621360680817,27.12288729097534,,,,3544343
2026-02-04,117.55,121.9099,117.55,121.83,,,,,,,,,,,,,,,,,,,,,,,,,,,,,,,,,,,,,,,,,,,,,,,,,,,,,,,,,,,,,,,0.8585697431323223,34.385801245134886,42.46031746031746,0.5048214406473689,2,34.213086250236515,26.555176734249535,20.482389714908106,25.09487520475511,,,,2790407
2026-02-05,121.83,122.83,118.865,119.6,,,,,,,,,,,,,,,,,,,,,,,,,,,,,,,,,,,,,,,,,,,,,,,,,,,,,,,,,,,,,,,0.7673395283690907,34.625137019023725,43.25396825396825,0.9610463488491828,2,34.2955409746686,25.09851692833673,20.668198543373446,23.382580900612552,,,,2493965
2026-02-06,120.62,125.18,120.33,123.83,,,,,,,,,,,,,,,,,,,,,,,,,,,,,,,,,,,,,,,,,,,,,,,,,,,,,,,,,,,,,,,0.9505401852041525,32.414190013722234,37.698412698412696,-12.176233642105824,1,36.908221268522986,23.547879482805197,22.67816077725899,21.191169175631085,,,,3085337
2026-02-09,123.77,124.48,122.515,123.17,,,,,,,,,,,,,,,,,,,,,,,,,,,,,,,,,,,,,,,,,,,,,,,,,,,,,,,,,,,,,,,0.654397203107591,26.22471397519197,25.396825396825395,-28.682362235941394,0,36.77170865074311,22.108001854811633,21.899793457664845,20.463838872600412,,,,2109781
2026-02-10,123,123.91,120.83,121.92,,,,,,,,,,,,,,,,,,,,,,,,,,,,,,,,,,,,,,,,,,,,,,,,,,,,,,,,,,,,,,,0.6882319995380414,23.80449717345918,19.444444444444443,-29.681054846858967,0,33.85218182897596,20.80081183310913,20.700487001757114,22.339153102850606,,,,2195398
2026-02-11,122.31,125.71,121.815,125,,,,,,,,,,,,,,,,,,,,,,,,,,,,,,,,,,,,,,,,,,,,,,,,,,,,,,,,,,,,,,,0.9207004985846301,20.302954400373245,15.079365079365079,-42.7221911321117,0,35.44645788948066,19.592844912246132,22.471195304676392,20.788699073125706,,,,2911228
2026-02-12,125.83,129.29,124.85,128.43,,,,,,,,,,,,,,,,,,,,,,,,,,,,,,,,,,,,,,,,,,,,,,,,,,,,,,,,,,,,,,,1.182777426360627,19.904758681566637,14.682539682539682,-44.793867591355195,0,36.05533989272852,19.411967292239577,27.037467259334825,19.15651586812327,,,,3789819
2026-02-13,126.03,127.93,122.16,126.06,,,,,,,,,,,,,,,,,,,,,,,,,,,,,,,,,,,,,,,,,,,,,,,,,,,,,,,,,,,,,,,0.9030015773848278,19.94223815896082,14.682539682539682,-44.82423176170096,0,36.143109186685244,18.409329716650923,24.153496486914403,21.68942078090151,,,,2907906
2026-02-17,129.75,130.94,125.79,128.52,,,,,,,,,,,,,,,,,,,,,,,,,,,,,,,,,,,,,,,,,,,,,,,,,,,,,,,,,,,,,,,1.2546053331973104,19.73359812721395,13.88888888888889,-46.85345051895094,0,37.13053494517181,18.204051895549185,27.110141345454053,19.81942640197256,,,,4162969
2026-02-18,128.17,133.56,126.77,132.54,,,,,,,,,,,,,,,,,,,,,,,,,,,,,,,,,,,,,,,,,,,,,,,,,,,,,,,,,,,,,,,1.0093236647032735,18.76069946530045,13.095238095238095,-48.16949845162798,0,36.1962529878118,18.565159413579305,28.361773389109917,17.65781980975598,,,,3364360
2026-02-19,131.72,134.0445,130.93,133.57,,,,,,,,,,,,,,,,,,,,,,,,,,,,,,,,,,,,,,,,,,,,,,,,,,,,,,,,,,,,,,,0.7987569855224055,23.458811667902456,19.047619047619047,-35.17412342624686,0,36.187419141510716,18.998514971364425,27.70714275387722,16.75513378463252,,,,2603956
2026-02-20,133.41,138.91,131.75,134.51,,,,,,,,,,,,,,,,,,,,,,,,,,,,,,,,,,,,,,,,,,,,,,,,,,,,,,,,,,,,,,,1.250166463850251,26.540657780629097,26.58730158730159,-16.536125089228175,1,31.798976274469336,20.273469317911857,32.228660934755545,14.872780342175366,,,,4010883
2026-02-23,132.89,133.715,128.03,130.41,,,,,,,,,,,,,,,,,,,,,,,,,,,,,,,,,,,,,,,,,,,,,,,,,,,,,,,,,,,,,,,0.849537146666073,29.168233319415016,31.349206349206348,-12.769885102948608,1,33.43826080458479,20.306450282994412,29.04800791661832,19.07053122683829,,,,2697869
2026-02-24,131.56,132.98,130.58,131.71,,,,,,,,,,,,,,,,,,,,,,,,,,,,,,,,,,,,,,,,,,,,,,,,,,,,,,,,,,,,,,,0.6415655665398667,31.50991644977445,33.73015873015873,-1.3192335480971629,1,31.931163065228557,20.337075464856788,27.873104475084745,18.299186326540752,,,,1976910
2026-02-25,131.62,132.395,127.2,127.7,,,,,,,,,,,,,,,,,,,,,,,,,,,,,,,,,,,,,,,,,,,,,,,,,,,,,,,,,,,,,,,0.8963036755904883,33.523973956328206,40.476190476190474,4.1124731127282415,2,32.19976718834637,19.413628021981033,25.617515604573203,22.083441706025344,,,,2670679
2026-02-26,127.77,130.03,125.665,126.95,,,,,,,,,,,,,,,,,,,,,,,,,,,,,,,,,,,,,,,,,,,,,,,,,,,,,,,,,,,,,,,0.7150087932102009,35.62128093117111,44.44444444444444,14.713813831869102,2,31.052302892988653,18.163194644563845,23.869665019690192,22.976054467257775,,,,2085921
2026-02-27,124.37,126.63,123.22,126.48,,,,,,,,,,,,,,,,,,,,,,,,,,,,,,,,,,,,,,,,,,,,,,,,,,,,,,,,,,,,,,,0.831210261013304,37.35027923518768,46.03174603174603,22.67016429381745,3,30.447729038437526,17.31744185515353,22.459479505255427,25.4912382427465,,,,2394281
2026-03-02,124.36,124.755,119.81,119.88,,,,,,,,,,,,,,,,,,,,,,,,,,,,,,,,,,,,,,,,,,,,,,,,,,,,,,,,,,,,,,,1.0235858072966248,38.48393173934853,48.01587301587302,5.859804659797814,2,36.35367726496807,17.255951176785175,20.16525777737631,28.109653479048486,,,,2930775
2026-03-03,117.59,120.48,115.88,118.41,,,,,,,,,,,,,,,,,,,,,,,,,,,,,,,,,,,,,,,,,,,,,,,,,,,,,,,,,,,,,,,0.932885722835085,39.118660272024044,49.6031746031746,6.815423226670254,2,36.6226702945429,17.905227181906813,18.743264277936756,32.15204965750672,,,,2677586
2026-03-04,120.01,120.23,116.46,117.85,,,,,,,,,,,,,,,,,,,,,,,,,,,,,,,,,,,,,,,,,,,,,,,,,,,,,,,,,,,,,,,0.9308238226489683,39.391767736250635,49.6031746031746,9.744096634815099,2,35.894202006446726,18.508126329519765,17.64505513602296,30.268190243183458,,,,2629070
2026-03-05,116.63,117.49,114.86,115.91,,,,,,,,,,,,,,,,,,,,,,,,,,,,,,,,,,,,,,,,,,,,,,,,,,,,,,,,,,,,,,,0.8698416828650536,38.824690830108125,47.61904761904762,8.969698055942558,2,35.628887225305895,19.34644352583771,16.80410594272761,31.37595757006241,,,,2441661
2026-03-06,113.85,115.83,113.46,115.79,,,,,,,,,,,,,,,,,,,,,,,,,,,,,,,,,,,,,,,,,,,,,,,,,,,,,,,,,,,,,,,0.7816498364324104,37.711474930932724,45.23809523809524,7.284753677664814,2,35.15082398775524,20.36159904329946,16.125916949941203,32.41587172723689,,,,2181909
2026-03-09,114.52,116.13,111.3,115.85,,,,,,,,,,,,,,,,,,,,,,,,,,,,,,,,,,,,,,,,,,,,,,,,,,,,,,,,,,,,,,,0.9529831609122523,36.90999439614281,43.65079365079365,13.258705344231403,2,32.589101459319075,21.651464139445295,14.853228999153503,33.38697608290438,,,,2638899
2026-03-10,115.34,119.91,115.21,116.82,,,,,,,,,,,,,,,,,,,,,,,,,,,,,,,,,,,,,,,,,,,,,,,,,,,,,,,,,,,,,,,0.9950082360074533,36.023869924572836,42.46031746031746,9.74345603291546,2,32.82552894431187,21.65110678412077,19.862137862245685,30.836626118401856,,,,2789065
2026-03-11,116.09,117.37,113.07,113.25,,,,,,,,,,,,,,,,,,,,,,,,,,,,,,,,,,,,,,,,,,,,,,,,,,,,,,,,,,,,,,,1.2138024343317406,35.06944113391154,40.07936507936508,2.5639165119582765,2,34.19276713153078,22.03581049000555,18.47189871664986,32.16167789707793,,,,3480341
2026-03-12,110.5,112.73,107.7,111.7,,,,,,,,,,,,,,,,,,,,,,,,,,,,,,,,,,,,,,,,,,,,,,,,,,,,,,,,,,,,,,,1.2814610504829278,37.60151995707609,44.84126984126984,14.994188042661206,2,32.6986264237341,23.21006272483864,16.834092754765628,37.888983296896136,,,,3726581
2026-03-13,112.27,112.74,106.83,107.46,,,,,,,,,,,,,,,,,,,,,,,,,,,,,,,,,,,,,,,,,,,,,,,,,,,,,,,,,,,,,,,1.5066014141603024,41.177751337348425,51.98412698412698,27.375920625544097,3,32.32773599211231,24.417441777862457,15.280401062811341,35.75069194361561,,,,4429492
2026-03-16,111.73,115.48,109,114.36,,,,,,,,,,,,,,,,,,,,,,,,,,,,,,,,,,,,,,,,,,,,,,,,,,,,,,,,,,,,,,,1.7356060595291898,44.4430809423214,54.36507936507937,10.087726214759085,2,40.37060485346192,24.70969590323034,17.52477471201321,31.50174498288385,,,,5311350
2026-03-17,115.19,117.06,111.27,111.84,,,,,,,,,,,,,,,,,,,,,,,,,,,,,,,,,,,,,,,,,,,,,,,,,,,,,,,,,,,,,,,1.1873648044391272,47.53246508159123,57.93650793650794,19.455968867576555,2,39.790782773093206,24.5320631736872,18.35065147031738,28.837111428740815,,,,3600196
2026-03-18,110.97,111.478,106.59,107.49,,,,,,,,,,,,,,,,,,,,,,,,,,,,,,,,,,,,,,,,,,,,,,,,,,,,,,,,,,,,,,,1.1683450103831887,51.344297362355285,60.714285714285715,32.24654849726176,3,38.824678561209026,25.116974850703507,16.95057207543867,33.438192327895855,,,,3553580
2026-03-19,107.77,108.04,104.42,105.56,,,,,,,,,,,,,,,,,,,,,,,,,,,,,,,,,,,,,,,,,,,,,,,,,,,,,,,,,,,,,,,1.145080434734948,56.50274306733125,66.66666666666667,47.43593775888833,3,38.323589164355504,25.963551053633932,16.041734148346528,34.85939310372519,,,,3536194
2026-03-20,105.56,106.92,104.21,105.92,,,,,,,,,,,,,,,,,,,,,,,,,,,,,,,,,,,,,,,,,,,,,,,,,,,,,,,,,,,,,,,1.4966861758385992,60.95260436521958,72.61904761904762,59.89417863847382,3,38.120590057900415,26.77909139851094,15.377042384411855,33.73607293528474,,,,4671442
2026-03-23,108.39,109.88,106.44,108.27,,,,,,,,,,,,,,,,,,,,,,,,,,,,,,,,,,,,,,,,,,,,,,,,,,,,,,,,,,,,,,,1.0484833946372378,64.31109742934632,75.7936507936508,64.15948326404654,3,39.17598676032836,26.65047658061371,19.01130794420675,31.670973472278096,,,,3304308
2026-03-24,106.81,109.145,103,106.53,,,,,,,,,,,,,,,,,,,,,,,,,,,,,,,,,,,,,,,,,,,,,,,,,,,,,,,,,,,,,,,0.8990781265342157,65.16716567090249,78.17460317460318,68.83018761626937,3,38.59923784425306,27.075056113575783,17.247011037062077,33.92695570486501,,,,2873773
2026-03-25,108.07,108.85,106.03,106.64,,,,,,,,,,,,,,,,,,,,,,,,,,,,,,,,,,,,,,,,,,,,,,,,,,,,,,,,,,,,,,,0.7353157921907316,65.28882266541405,78.17460317460318,71.54148498761099,3,38.06007781157387,27.469308537040572,16.490682959982113,32.43916694458086,,,,2338103
2026-03-26,106,108.37,105.115,105.99,,,,,,,,,,,,,,,,,,,,,,,,,,,,,,,,,,,,,,,,,,,,,,,,,,,,,,,,,,,,,,,0.9408758688698797,62.578958649707076,73.01587301587301,64.43115628514985,3,38.05784746850845,27.981602216386886,15.638229771486268,32.21541020338639,,,,3036444
2026-03-27,105.33,107.39,105.28,107,,,,,,,,,,,,,,,,,,,,,,,,,,,,,,,,,,,,,,,,,,,,,,,,,,,,,,,,,,,,,,,0.8358881311972102,59.14233692367653,69.84126984126983,53.37607353771857,3,38.56034097073956,28.457303490065605,15.093552185904759,31.093351498244942,,,,2710853
2026-03-30,108.96,108.96,104.92,105.74,,,,,,,,,,,,,,,,,,,,,,,,,,,,,,,,,,,,,,,,,,,,,,,,,,,,,,,,,,,,,,,0.6966900356744768,55.01574163090912,66.26984126984127,57.53017932763169,3,34.923937664342546,28.35099577271194,16.68614194227121,29.009907412185843,,,,2235192
2026-03-31,107.43,109.78,106.77,109.51,,,,,,,,,,,,,,,,,,,,,,,,,,,,,,,,,,,,,,,,,,,,,,,,,,,,,,,,,,,,,,,0.9558151096071648,54.60791003542723,65.07936507936508,45.12331674608792,3,37.628625957447525,27.97062419164405,16.929168210893824,27.057432004834595,,,,3086065
2026-04-01,110.48,110.79,108.55,108.7,,,,,,,,,,,,,,,,,,,,,,,,,,,,,,,,,,,,,,,,,,,,,,,,,,,,,,,,,,,,,,,0.5254356343187082,56.061292189729485,66.26984126984127,48.91079916063834,3,37.647566533608526,27.26974207224377,18.017129429385797,26.01207284787449,,,,1671326
2026-04-02,108.7,108.9899,106.265,108.44,,,,,,,,,,,,,,,,,,,,,,,,,,,,,,,,,,,,,,,,,,,,,,,,,,,,,,,,,,,,,,,0.7947779598673267,59.174056912991226,69.84126984126983,58.345081160684906,3,37.37031581861565,27.132895752144393,17.149151232064206,28.798727517476763,,,,2531636
2026-04-06,108.63,111.47,107.945,111.09,,,,,,,,,,,,,,,,,,,,,,,,,,,,,,,,,,,,,,,,,,,,,,,,,,,,,,,,,,,,,,,0.6563593378355094,64.47726807699962,75,67.20608872570051,3,38.561555125408006,26.171400909692487,20.495604572094557,26.98747615440649,,,,2087632
2026-04-07,109.77,109.95,104.86,106.42,,,,,,,,,,,,,,,,,,,,,,,,,,,,,,,,,,,,,,,,,,,,,,,,,,,,,,,,,,,,,,,1.012265351572944,70.00462934360893,81.74603174603175,70.55207924505497,3,41.0458961588055,25.962938636336126,18.30443781617685,29.39624338871731,,,,3250595
2026-04-08,106.99,109.555,105.48,105.62,,,,,,,,,,,,,,,,,,,,,,,,,,,,,,,,,,,,,,,,,,,,,,,,,,,,,,,,,,,,,,,1.1274069158944506,74.76215143991368,82.93650793650794,83.2428549246621,3,40.799490638066715,25.769366525362358,17.02251281849911,27.337519727479695,,,,3669997
2026-04-09,103.75,104.245,100.5583,102.6,,,,,,,,,,,,,,,,,,,,,,,,,,,,,,,,,,,,,,,,,,,,,,,,,,,,,,,,,,,,,,,1.3507454450171337,76.70558261358099,84.52380952380952,88.73245691050177,3,40.64249672220147,26.52353859569455,15.56439708708986,33.32472909551278,,,,4463415
2026-04-10,102.08,102.91,98.28,99.55,,,,,,,,,,,,,,,,,,,,,,,,,,,,,,,,,,,,,,,,,,,,,,,,,,,,,,,,,,,,,,,1.1099012622252946,78.26687654774817,85.31746031746032,88.68889478598665,3,41.47932321958823,27.579862524482863,14.353273251610693,34.560614601480374,,,,3664100
2026-04-13,98.22,102.94,98.22,102.13,,,,,,,,,,,,,,,,,,,,,,,,,,,,,,,,,,,,,,,,,,,,,,,,,,,,,,,,,,,,,,,1.2133224302883554,78.97153393750327,85.31746031746032,92.58066629147778,3,41.006989672565055,28.570020913749982,13.223602879926112,31.94057943428528,,,,3978141
2026-04-14,101.22,102.36,99.41,100.67,,,,,,,,,,,,,,,,,,,,,,,,,,,,,,,,,,,,,,,,,,,,,,,,,,,,,,,,,,,,,,,1.0270905590628865,79.13387720508035,85.31746031746032,135.0356445263758,3,33.668883442996204,29.48945370378374,12.558333552994117,30.333673360727843,,,,3262312
2026-04-15,100.75,102.0032,100.37,101.33,,,,,,,,,,,,,,,,,,,,,,,,,,,,,,,,,,,,,,,,,,,,,,,,,,,,,,,,,,,,,,,0.9156035209366175,78.73473235038202,84.52380952380952,135.53012238509197,3,33.428731558017304,30.343212723100798,12.192615320302448,29.45030954770928,,,,2875000
2026-04-16,101.4,103.31,99.79,99.93,,,,,,,,,,,,,,,,,,,,,,,,,,,,,,,,,,,,,,,,,,,,,,,,,,,,,,,,,,,,,,,0.933653108921881,79.04581423678286,84.92063492063492,153.61570101136758,3,31.167555447696778,30.561785095959802,13.771173604137658,27.585705311280027,,,,2901222
2026-04-17,100.99,106.8,100.5,105.93,,,,,,,,,,,,,,,,,,,,,,,,,,,,,,,,,,,,,,,,,,,,,,,,,,,,,,,,,,,,,,,1.9401718210993595,76.84340708343997,82.53968253968254,105.97162397209982,3,37.30776385675772,29.425985457440923,18.12011730998635,24.345883669531776,,,,6296654
2026-04-20,105.1,108.2,105.1,107.25,,,,,,,,,,,,,,,,,,,,,,,,,,,,,,,,,,,,,,,,,,,,,,,,,,,,,,,,,,,,,,,0.9533890447084027,72.49991502271406,78.96825396825396,93.15607619528893,3,37.53436933012327,27.902665773753316,19.58009902035902,23.031423499337897,,,,3015186
2026-04-21,108.4,110.24,103.57,103.83,,,,,,,,,,,,,,,,,,,,,,,,,,,,,,,,,,,,,,,,,,,,,,,,,,,,,,,,,,,,,,,1.5201803701220067,65.73384324253942,74.2063492063492,71.42260468771381,3,38.34607656457497,25.967289928040678,20.80373629670193,20.47048659741916,,,,4931392
2026-04-22,105.29,105.29,100.32,101.97,,,,,,,,,,,,,,,,,,,,,,,,,,,,,,,,,,,,,,,,,,,,,,,,,,,,,,,,,,,,,,,0.9806501142129981,58.518383797926234,63.492063492063494,52.23953738690601,3,38.43836154678131,24.946640214717032,19.099552156474903,24.150360880462742,,,,3197032
2026-04-23,101.97,103.36,101.22,102.25,,,,,,,,,,,,,,,,,,,,,,,,,,,,,,,,,,,,,,,,,,,,,,,,,,,,,,,,,,,,,,,0.6783081160736958,47.648224517434386,51.98412698412698,23.8872614667011,3,38.46095551175087,23.998894052345076,18.40059723614623,23.2665698142209,,,,2206913
2026-04-24,102.54,103.84,100.515,103.75,,,,,,,,,,,,,,,,,,,,,,,,,,,,,,,,,,,,,,,,,,,,,,,,,,,,,,,,,,,,,,,0.7671089640733761,40.850117629552365,45.63492063492063,5.141517190479228,2,38.85250919058587,23.309480540433686,17.338878352642567,23.1475017737535,,,,2474269
2026-04-27,104.17,104.6,96.57,98,,,,,,,,,,,,,,,,,,,,,,,,,,,,,,,,,,,,,,,,,,,,,,,,,,,,,,,,,,,,,,,1.6986090406854446,31.94334203532595,26.19047619047619,-25.97370553071412,0,43.151345429804685,23.611783376377975,15.076402626194575,26.537620441677422,,,,5735672
2026-04-28,99.19,99.5,96.04,98.22,,,,,,,,,,,,,,,,,,,,,,,,,,,,,,,,,,,,,,,,,,,,,,,,,,,,,,,,,,,,,,,1.060103057646992,18.972582416940774,5.555555555555555,-56.00054584273205,0,43.120040419426054,24.005331058063014,14.21565648185123,25.897062151256865,,,,3654888
2026-04-29,97.78,98.375,94.36,95.7,,,,,,,,,,,,,,,,,,,,,,,,,,,,,,,,,,,,,,,,,,,,,,,,,,,,,,,,,,,,,,,0.8830201559081107,20.309677787815883,7.936507936507937,-50.880797215089814,0,41.34773497190223,24.721458853071404,13.268964853092612,26.958987754085786,,,,3042438
2026-04-30,96.025,97.43,95.725,97.11,,,,,,,,,,,,,,,,,,,,,,,,,,,,,,,,,,,,,,,,,,,,,,,,,,,,,,,,,,,,,,,0.9127492689254563,22.27507344042329,9.523809523809524,-46.964599422101074,0,42.0003869070536,25.386434662722056,12.871218224606375,26.15087298361896,,,,3215334
2026-05-01,97.47,97.74,94.19,94.67,,,,,,,,,,,,,,,,,,,,,,,,,,,,,,,,,,,,,,,,,,,,,,,,,,,,,,,,,,,,,,,0.8888263187596134,24.274697074758944,12.698412698412698,-42.923433033659705,0,42.53005806932018,26.326133833666482,12.07156796863939,27.212534284613085,,,,3158939
2026-05-04,94.34,96.2,93.625,94.05,,,,,,,,,,,,,,,,,,,,,,,,,,,,,,,,,,,,,,,,,,,,,,,,,,,,,,,,,,,,,,,0.8502424740398474,26.358872015401406,19.444444444444443,-35.734921777225686,0,41.01585611399805,27.314563182876345,11.512844848870285,26.96858002756018,,,,3063287
2026-05-05,94.32,95.735,92.65,93.69,,,,,,,,,,,,,,,,,,,,,,,,,,,,,,,,,,,,,,,,,,,,,,,,,,,,,,,,,,,,,,,1.3478402091803274,29.45521077395693,25,-24.55251479697202,0,39.040679347619644,28.43220781986227,10.8640782788783,27.229823416893446,,,,4972065
2026-05-06,95.68,98.66,95.235,96.51,,,,,,,,,,,,,,,,,,,,,,,,,,,,,,,,,,,,,,,,,,,,,,,,,,,,,,,,,,,,,,,1.0244088297504792,28.82145341400033,23.80952380952381,-29.65787803610892,0,40.97324989541164,28.130020550079273,15.137971433837397,24.804741463572718,,,,3784837
2026-05-07,96.09,98.33,94.26,96.76,,,,,,,,,,,,,,,,,,,,,,,,,,,,,,,,,,,,,,,,,,,,,,,,,,,,,,,,,,,,,,,1.1269663957201834,28.757449477790374,23.80952380952381,-28.17892402479399,0,40.040404696412494,28.092985030106853,14.035582747281977,24.742917316265988,,,,4145858
2026-05-08,97.36,97.77,93.805,94.24,,,,,,,,,,,,,,,,,,,,,,,,,,,,,,,,,,,,,,,,,,,,,,,,,,,,,,,,,,,,,,,0.9411897869615891,28.712263518782127,23.80952380952381,-27.742128058101002,0,39.73582773357765,28.172911584103446,13.039359245976796,23.801210584632233,,,,3452468
2026-05-11,94.24,94.25,89.32,90.02,,,,,,,,,,,,,,,,,,,,,,,,,,,,,,,,,,,,,,,,,,,,,,,,,,,,,,,,,,,,,,,1.3666376425185696,31.4177425081862,28.174603174603174,-23.336433516844533,0,40.98132131002451,29.208245741599185,11.90763586052021,29.63129758639309,,,,5089001
2026-05-12,90.1,90.87,88.195,89.05,,,,,,,,,,,,,,,,,,,,,,,,,,,,,,,,,,,,,,,,,,,,,,,,,,,,,,,,,,,,,,,1.3100078059062508,35.513019815670916,38.888888888888886,-13.194816438044086,1,40.91117414701856,30.369634312797896,11.332876886710949,30.23101798978907,,,,4991381
2026-05-13,88.87,89,85.8812,86.8,,,,,,,,,,,,,,,,,,,,,,,,,,,,,,,,,,,,,,,,,,,,,,,,,,,,,,,,,,,,,,,0.7920010891603316,43.16938528568055,50.3968253968254,4.864293244929182,2,41.166906246009574,31.828297859256953,10.675514634320594,32.71288236115436,,,,3023559
2026-05-14,87.23,90.97,87.17,89.97,,,,,,,,,,,,,,,,,,,,,,,,,,,,,,,,,,,,,,,,,,,,,,,,,,,,,,,,,,,,,,,1.1759895521106445,48.40074215544368,53.96825396825397,10.634606991441535,2,43.748284078225055,32.29793058815748,13.453098753348822,30.22803129707113,,,,4588704
2026-05-15,89.86,91.4,88.51,89.58,,,,,,,,,,,,,,,,,,,,,,,,,,,,,,,,,,,,,,,,,,,,,,,,,,,,,,,,,,,,,,,0.7350579783855378,51.734794674625086,57.53968253968254,39.25075753995462,3,37.15225366711635,32.54672750658321,13.529594281034248,28.606261786856454,,,,2737378
2026-05-18,89.04,93.11,87.715,91.23,,,,,,,,,,,,,,,,,,,,,,,,,,,,,,,,,,,,,,,,,,,,,,,,,,,,,,,,,,,,,,,0.7921100741028089,53.853867143330945,57.93650793650794,43.15966500407952,3,37.61804495826133,32.04990377169682,15.298245988055845,25.821204950342587,,,,2947147
2026-05-19,91.12,91.29,87.88,90.61,,,,,,,,,,,,,,,,,,,,,,,,,,,,,,,,,,,,,,,,,,,,,,,,,,,,,,,,,,,,,,,0.8861791686409191,54.96393692799146,59.523809523809526,50.33642671622306,3,36.56062481233646,31.588567446445175,14.34743368378914,24.21637264493016,,,,3221374
2026-05-20,90.06,93.815,88.255,93.48,,,,,,,,,,,,,,,,,,,,,,,,,,,,,,,,,,,,,,,,,,,,,,,,,,,,,,,,,,,,,,,1.1169792953366604,52.371443053632774,57.142857142857146,35.79996972520377,3,38.56513603030127,30.138568149191514,17.404205627958287,21.8335950865029,,,,4111430
2026-05-21,93.33,95.92,90.17,95.71,,,,,,,,,,,,,,,,,,,,,,,,,,,,,,,,,,,,,,,,,,,,,,,,,,,,,,,,,,,,,,,1.160512238631231,49.120810154363305,54.76190476190476,23.71637564752505,3,39.70437211506363,28.054784396061276,19.30088642126403,19.677257667640568,,,,4398857
2026-05-22,95.9,97,94.19,94.98,,,,,,,,,,,,,,,,,,,,,,,,,,,,,,,,,,,,,,,,,,,,,,,,,,,,,,,,,,,,,,,0.6330417878076193,45.07167277033333,51.19047619047619,15.02202940520608,2,39.185252601962276,26.333500575781482,20.24624719472405,18.705019234244283,,,,2397066
2026-05-26,94.08,94.5,91.68,93.7,,,,,,,,,,,,,,,,,,,,,,,,,,,,,,,,,,,,,,,,,,,,,,,,,,,,,,,,,,,,,,,1.161679051348207,42.55089905840971,50.3968253968254,23.581577900936466,3,34.43142560658895,24.977443455976715,19.055496651550136,22.078296045037437,,,,4316356
2026-05-27,94.39,96.89,92.9,95.87,,,,,,,,,,,,,,,,,,,,,,,,,,,,,,,,,,,,,,,,,,,,,,,,,,,,,,,,,,,,,,,1.6259595811817487,44.20700689453545,51.19047619047619,24.54285502687822,3,35.495417930635135,23.437737662241613,21.960885179545915,20.507792883093725,,,,6252637
2026-05-28,111.01,114.639,106.4,113,,,,,,,,,,,,,,,,,,,,,,,,,,,,,,,,,,,,,,,,,,,,,,,,,,,,,,,,,,,,,,,3.0449700572034994,56.50813731648928,63.095238095238095,-14.905193455833638,1,66.40609411005609,25.0790933309748,41.19354507749194,15.075364531507484,,,,13265967
2026-05-29,111.01,116.88,110.0402,116.44,,,,,,,,,,,,,,,,,,,,,,,,,,,,,,,,,,,,,,,,,,,,,,,,,,,,,,,,,,,,,,,1.6198907710676684,71.81926280880714,80.15873015873017,7.511029339673852,2,66.80176280509697,26.82166788526298,40.39975208083522,13.655728806581475,,,,7395957
2026-06-01,116.84,116.85,111.18,111.35,,,,,,,,,,,,,,,,,,,,,,,,,,,,,,,,,,,,,,,,,,,,,,,,,,,,,,,,,,,,,,,1.1417691493757747,82.23645420393963,87.6984126984127,20.283330906352333,3,68.36895319099997,28.439772828530575,37.26678810797582,12.596739476930281,,,,5337353
2026-06-02,113.02,114.525,108.61,109.39,,,,,,,,,,,,,,,,,,,,,,,,,,,,,,,,,,,,,,,,,,,,,,,,,,,,,,,,,,,,,,,0.9562837755507693,89.95878487866993,91.26984126984127,30.791903539509992,3,68.78008687402804,29.188958285662608,34.28019310621873,15.069256968829377,,,,4540929
2026-06-03,109.865,112.57,108.6,112.5,,,,,,,,,,,,,,,,,,,,,,,,,,,,,,,,,,,,,,,,,,,,,,,,,,,,,,,,,,,,,,,0.6611546238177453,95.93812169489185,95.23809523809524,39.04367666405154,3,68.99855066886028,29.881697330805444,32.40319985758608,14.257940088640023,,,,3076852
2026-06-04,114.86,115.225,109.06,109.27,,,,,,,,,,,,,,,,,,,,,,,,,,,,,,,,,,,,,,,,,,,,,,,,,,,,,,,,,,,,,,,0.5814180486324909,97.312897936898,96.42857142857143,39.43637012986028,3,69.79018303923738,30.86512148484715,33.297646514534975,13.061881515674479,,,,2673469
2026-06-05,109.83,110.765,107.93,108.8,,,,,,,,,,,,,,,,,,,,,,,,,,,,,,,,,,,,,,,,,,,,,,,,,,,,,,,,,,,,,,,0.45321716421145286,96.73351217186901,95.63492063492063,38.435897692624835,3,69.87603200049352,31.424449030690038,31.969528816685635,14.130713907471968,,,,2036170
2026-06-08,107.81,110.25,107.5394,107.69,,,,,,,,,,,,,,,,,,,,,,,,,,,,,,,,,,,,,,,,,,,,,,,,,,,,,,,,,,,,,,,0.5003115153430606,94.3286716366934,92.85714285714286,36.39795525021549,3,69.15695434264538,31.81825664785793,30.708350296142633,14.14173527107223,,,,2216841
2026-06-09,108.64,113,107.6,112.15,,,,,,,,,,,,,,,,,,,,,,,,,,,,,,,,,,,,,,,,,,,,,,,,,,,,,,,,,,,,,,,0.6605984797477638,93.94707339562494,92.06349206349206,39.52995430466343,3,67.33111457235316,32.57886477641248,32.28595626396986,13.03823570378432,,,,2853212
2026-06-10,111.92,113.21,109.5001,110.32,,,,,,,,,,,,,,,,,,,,,,,,,,,,,,,,,,,,,,,,,,,,,,,,,,,,,,,,,,,,,,,0.5555867917974978,93.48179089028254,91.26984126984127,38.31095921128553,3,67.58812998142729,33.31456223077295,30.8326966949974,12.326587350672204,,,,2325599
2026-06-11,110.04,115.57,109,114.89,,,,,,,,,,,,,,,,,,,,,,,,,,,,,,,,,,,,,,,,,,,,,,,,,,,,,,,,,,,,,,,0.5024425618463076,93.80005123016252,91.66666666666667,40.03089150414085,3,66.98525605501038,34.32301633081213,31.31241686926926,11.164415235216968,,,,2079427
2026-06-12,115.58,116.1199,113.09,114,,,,,,,,,,,,,,,,,,,,,,,,,,,,,,,,,,,,,,,,,,,,,,,,,,,,,,,,,,,,,,,0.46509155474232755,93.56769861352917,90.87301587301587,39.87602589780182,3,66.89330642113961,35.333086043641245,30.72361916022952,10.665028258048535,,,,1861423
2026-06-15,115.37,117.41,111.965,112.88,,,,,,,,,,,,,,,,,,,,,,,,,,,,,,,,,,,,,,,,,,,,,,,,,,,,,,,,,,,,,,,0.5506522078411148,92.50196178084508,90.07936507936508,37.879727938053286,3,67.08887750518657,36.4448187030254,30.163508298284405,9.815337774982263,,,,2188755
2026-06-16,114.32,114.88,110.67,110.74,,,,,,,,,,,,,,,,,,,,,,,,,,,,,,,,,,,,,,,,,,,,,,,,,,,,,,,,,,,,,,,0.4693915345052647,91.13082778776828,88.4920634920635,34.288916598301235,3,67.86176409507283,36.953711813584505,28.28698363072427,11.118347796973847,,,,1839767
2026-06-17,110.29,110.29,105.22,106.41,,,,,,,,,,,,,,,,,,,,,,,,,,,,,,,,,,,,,,,,,,,,,,,,,,,,,,,,,,,,,,,0.594605910378798,89.65213140148673,86.9047619047619,28.420045730034126,3,69.81163329434901,35.576325177804556,26.002784571653166,18.193218688187976,,,,2303245
2026-06-18,108.34,112.3,107.45,111.65,,,,,,,,,,,,,,,,,,,,,,,,,,,,,,,,,,,,,,,,,,,,,,,,,,,,,,,,,,,,,,,1.1399804931142026,84.58896132278298,84.92063492063492,19.5516437463865,2,70.75516377025114,34.69049495001652,26.692515095222166,16.648389594208773,,,,4434186
2026-06-22,112.68,117.48,111.8,113.93,,,,,,,,,,,,,,,,,,,,,,,,,,,,,,,,,,,,,,,,,,,,,,,,,,,,,,,,,,,,,,,1.2004796905571198,78.821750870986,81.34920634920636,11.524304575401544,2,70.6767472535053,34.72680681832458,31.851651352074054,15.266573004895607,,,,4686793
2026-06-23,113.795,115.43,112.76,113.41,,,,,,,,,,,,,,,,,,,,,,,,,,,,,,,,,,,,,,,,,,,,,,,,,,,,,,,,,,,,,,,0.7667539251349237,73.25064060073629,76.58730158730158,3.7620814659082034,2,70.59480647061164,34.7605249817535,30.599048257189914,14.66619733260062,,,,3017261
2026-06-24,115.24,119.39,114,119.35,,,,,,,,,,,,,,,,,,,,,,,,,,,,,,,,,,,,,,,,,,,,,,,,,,,,,,,,,,,,,,,0.6828374038822328,66.37915140750023,71.82539682539682,-7.215196086138671,1,71.5409728829353,35.35586846451236,33.68517936047905,13.395572303436353,,,,2629446
2026-06-25,115.5,120.575,114.05,118.21,,,,,,,,,,,,,,,,,,,,,,,,,,,,,,,,,,,,,,,,,,,,,,,,,,,,,,,,,,,,,,,2.0885658117327424,39.3165723429512,44.84126984126984,-45.24600575191051,0,71.80585249143364,36.06227279904382,32.250778482064746,12.157856566815617,,,,8251291
2026-06-26,120.23,124.67,119.795,123.87,,,,,,,,,,,,,,,,,,,,,,,,,,,,,,,,,,,,,,,,,,,,,,,,,,,,,,,,,,,,,,,1.4327949774771422,39.593159396044506,45.23809523809524,-16.525703687695042,1,47.43155815044358,37.200389988871244,35.04332181800837,11.067551850984083,,,,5073643
2026-06-29,123.33,125.19,121.48,122.62,,,,,,,,,,,,,,,,,,,,,,,,,,,,,,,,,,,,,,,,,,,,,,,,,,,,,,,,,,,,,,,2.3908625230602967,56.96977021103224,60.714285714285715,21.856697094395784,3,46.75144786412588,38.314063331374065,33.93834384454527,10.485951328989234,,,,8611554
2026-06-30,122.66,122.875,118.75,120.95,,,,,,,,,,,,,,,,,,,,,,,,,,,,,,,,,,,,,,,,,,,,,,,,,,,,,,,,,,,,,,,1.355962657006628,68.24028756801432,73.01587301587301,55.27535117186216,3,43.94792029321156,38.41281744539845,31.92926547988837,13.783029159521464,,,,4851016
2026-07-01,120.49,124.3,120.49,121.15,,,,,,,,,,,,,,,,,,,,,,,,,,,,,,,,,,,,,,,,,,,,,,,,,,,,,,,,,,,,,,,1.4900097494492333,76.146442969445,78.17460317460318,76.1146678080021,3,43.23685466815226,38.70250045437214,32.233574263428025,13.016570871208547,,,,5394140
2026-07-02,123.35,125.49,122.46,124.05,,,,,,,,,,,,,,,,,,,,,,,,,,,,,,,,,,,,,,,,,,,,,,,,,,,,,,,,,,,,,,,0.898525040398692,81.63563170510102,82.93650793650794,89.98280203029468,3,42.97001140770805,39.13461592701105,31.926134781217677,12.185323382103334,,,,3261123
2026-07-06,126.45,126.62,120.87,121.46,,,,,,,,,,,,,,,,,,,,,,,,,,,,,,,,,,,,,,,,,,,,,,,,,,,,,,,,,,,,,,,1.2073710871107066,85.43788883145858,85.31746031746032,102.2068460455483,3,42.252718195413216,38.977205764968055,29.26006313272179,13.476921377746757,,,,4491826
2026-07-07,123.52,124.225,120.75,122.65,,,,,,,,,,,,,,,,,,,,,,,,,,,,,,,,,,,,,,,,,,,,,,,,,,,,,,,,,,,,,,,0.8710375931089293,87.79280031289088,86.11111111111111,108.38494760879335,3,42.130106478567086,38.78827403903621,27.751763230215822,12.960219773836444,,,,3295394
2026-07-08,124.535,124.98,122.17,123.61,,,,,,,,,,,,,,,,,,,,,,,,,,,,,,,,,,,,,,,,,,,,,,,,,,,,,,,,,,,,,,,0.8413312190285843,88.82517989315326,86.5079365079365,112.93906064199145,3,41.713896748371866,38.74368925267218,27.713809618044127,12.40343099606513,,,,3225434
2026-07-09,123.28,124.39,120.77,120.92,,,,,,,,,,,,,,,,,,,,,,,,,,,,,,,,,,,,,,,,,,,,,,,,,,,,,,,,,,,,,,,0.4305369079702305,88.64818404664446,86.11111111111111,116.4342575716597,3,40.95848089912187,38.166051445725195,26.154909591812743,13.881150694295542,,,,1624102
2026-07-10,122.68,125.7,122.6,124.91,,,,,,,,,,,,,,,,,,,,,,,,,,,,,,,,,,,,,,,,,,,,,,,,,,,,,,,,,,,,,,,0.475020229644161,86.7091706717072,84.52380952380952,109.39067065764587,3,41.410235899896826,37.88679765358764,26.24755978602241,12.85305747640986,,,,1778921
2026-07-13,125.36,128.45,125.36,126.38,,,,,,,,,,,,,,,,,,,,,,,,,,,,,,,,,,,,,,,,,,,,,,,,,,,,,,,,,,,,,,,0.7357014885209009,83.0294029261888,81.74603174603175,109.9206566355306,3,39.55275495843483,38.120715838064896,29.11642446109761,12.136173535366774,,,,2780962
2026-07-14,127.15,127.5,123.695,124.56,,,,,,,,,,,,,,,,,,,,,,,,,,,,,,,,,,,,,,,,,,,,,,,,,,,,,,,,,,,,,,,0.4523977371404851,78.51962246297354,77.77777777777777,96.84674238758946,3,39.88870809371542,37.691665125561755,27.350608348666928,14.053947012442512,,,,1706567
2026-07-15,124.9,128.51,124.33,127.03,,,,,,,,,,,,,,,,,,,,,,,,,,,,,,,,,,,,,,,,,,,,,,,,,,,,,,,,,,,,,,,0.6889270769573038,74.59905482474532,73.80952380952381,87.14303498149822,3,39.862052484144286,37.48813269701227,27.137191146593665,13.113099797185587,,,,2613449
2026-07-16,127.14,130.83,126,128.45,,,,,,,,,,,,,,,,,,,,,,,,,,,,,,,,,,,,,,,,,,,,,,,,,,,,,,,,,,,,,,,1.4804559953792136,70.39930244187208,71.03174603174604,81.31125654369278,3,38.82787190596029,37.719986174630456,28.744084240689254,12.104705132977271,,,,5918001
2026-07-17,128.99,133.26,125.58,125.94,,,,,,,,,,,,,,,,,,,,,,,,,,,,,,,,,,,,,,,,,,,,,,,,,,,,,,,,,,,,,,,0.6120203157875326,65.61149744400507,65.87301587301587,80.86410269290035,3,36.27668313784225,38.32709829063855,29.08112270584738,10.696214254298415,,,,2451023
2026-07-20,126.98,127.33,123.5,126.38,,,,,,,,,,,,,,,,,,,,,,,,,,,,,,,,,,,,,,,,,,,,,,,,,,,,,,,,,,,,,,,0.7218544721917848,60.4185818852802,60.317460317460316,81.46749786714852,3,33.2944370729751,38.06979350568365,27.370683271590828,13.26129675350921,,,,2833100
2026-07-21,126,127.615,125.2,125.74,,,,,,,,,,,,,,,,,,,,,,,,,,,,,,,,,,,,,,,,,,,,,,,,,,,,,,,,,,,,,,,0.5764075003526369,55.474526738344935,53.17460317460318,67.58689966052998,3,33.1019470201526,37.88433274166572,26.772733588484826,12.751992137291998,,,,2190307
2026-07-22,125.53,126.73,121.71,122.15,,,,,,,,,,,,,,,,,,,,,,,,,,,,,,,,,,,,,,,,,,,,,,,,,,,,,,,,,,,,,,,0.7129391437992327,54.93263741027508,51.58730158730159,56.92552451501962,3,35.0055464718344,36.44101143975638,24.653218514928035,17.246292325916375,,,,2697727
2026-07-23,120.01,120.665,116.81,117.65,,,,,,,,,,,,,,,,,,,,,,,,,,,,,,,,,,,,,,,,,,,,,,,,,,,,,,,,,,,,,,,0.953269693161275,52.23916655846609,48.80952380952381,56.94015008359901,3,33.28604345710087,33.96821190876068,22.603294514522595,23.44215887523712,,,,3656058
2026-07-24,118.27,121.15,117.78,120.45,,,,,,,,,,,,,,,,,,,,,,,,,,,,,,,,,,,,,,,,,,,,,,,,,,,,,,,,,,,,,,,0.7500085311837984,49.2038307051918,46.03174603174603,44.148632123303905,3,34.134094774554036,31.54580835091544,22.118426918191847,22.142576650745383,,,,2667084
2026-07-27,121.89,125.94,121.89,125.54,,,,,,,,,,,,,,,,,,,,,,,,,,,,,,,,,,,,,,,,,,,,,,,,,,,,,,,,,,,,,,,0.7881958256572603,35.20848730546816,28.174603174603174,5.847111581603887,2,33.26353150253309,30.402352189268722,27.69550079267396,20.246543078813303,,,,2709719
2026-07-28,127.19,128.96,126.37,126.76,,,,,,,,,,,,,,,,,,,,,,,,,,,,,,,,,,,,,,,,,,,,,,,,,,,,,,,,,,,,,,,0.6966283711001456,42.53719905532506,40.07936507936508,28.28543702311902,3,33.158244647566036,29.917838787104106,30.98805172771043,19.146653256369436,,,,2170573
2026-07-29,126.37,130.74,125.88,128.95,,,,,,,,,,,,,,,,,,,,,,,,,,,,,,,,,,,,,,,,,,,,,,,,,,,,,,,,,,,,,,,0.67198601359087,47.52917318553592,43.65079365079365,43.708239558127346,3,33.07338071336629,29.780316867089446,31.420758336433742,17.677041149694183,,,,1997930
2026-07-30,127.76,129,126.9105,128.57,,,,,,,,,,,,,,,,,,,,,,,,,,,,,,,,,,,,,,,,,,,,,,,,,,,,,,,,,,,,,,,0.4118839635267225,51.54870460638081,48.01587301587302,55.553687025771715,3,33.13885102436714,29.65261794136154,30.342430049909886,17.070383178881986,,,,1136928
2026-07-31,128.11,128.5,126.56,127.21,,,,,,,,,,,,,,,,,,,,,,,,,,,,,,,,,,,,,,,,,,,,,,,,,,,,,,,,,,,,,,,0.5748592255096644,54.77868612208285,51.19047619047619,68.2353893161042,3,32.560739060173,29.41603993873804,29.300710413363184,17.082997749258617,,,,1537241
2026-08-03,129.49,131.69,128.8,129.35,,,,,,,,,,,,,,,,,,,,,,,,,,,,,,,,,,,,,,,,,,,,,,,,,,,,,,,,,,,,,,,0.8524826667756824,57.06307066592936,55.15873015873016,78.82877489476694,3,31.909333774449067,29.787215539220462,32.4910616037821,15.782407803778625,,,,2181148
2026-08-04,128.24,131.57,126.62,130.71,,,,,,,,,,,,,,,,,,,,,,,,,,,,,,,,,,,,,,,,,,,,,,,,,,,,,,,,,,111.865312,134.66769599999998,103.91099200000001,,113.986464,1.0913139638895335,57.99121704909045,55.95238095238095,81.62684872144824,3,31.928769043407563,29.397870017621468,29.792142237273683,18.129701168082644,111.865312,134.66769599999998,103.91099200000001,2763177