ticker,exchange,tier,order
MMM,,1,1
AOS,,1,2
ABT,,1,3
ABBV,,1,4
ACN,,1,5
ADBE,,1,6
AMD,,1,7
AES,,1,8
AFL,,1,9
A,,1,10
APD,,1,11
ABNB,,1,12
AKAM,,1,13
ALB,,1,14
ARE,,1,15
ALGN,,1,16
ALLE,,1,17
LNT,,1,18
ALL,,1,19
GOOGL,,1,20
GOOG,,1,21
MO,,1,22
AMZN,,1,23
AMCR,,1,24
AEE,,1,25
AEP,,1,26
AXP,,1,27
AIG,,1,28
AMT,,1,29
AWK,,1,30
AMP,,1,31
AME,,1,32
AMGN,,1,33
APH,,1,34
ADI,,1,35
AON,,1,36
APA,,1,37
APO,,1,38
AAPL,,1,39
AMAT,,1,40
APTV,,1,41
ACGL,,1,42
ADM,,1,43
ANET,,1,44
AJG,,1,45
AIZ,,1,46
T,,1,47
ATO,,1,48
ADSK,,1,49
ADP,,1,50
AZO,,1,51
AVB,,1,52
AVY,,1,53
AXON,,1,54
BKR,,1,55
BALL,,1,56
BAC,,1,57
BAX,,1,58
BDX,,1,59
BRK-B,NYSE,1,60
BBY,,1,61
TECH,,1,62
BIIB,,1,63
BLK,,1,64
BX,,1,65
XYZ,,1,66
BK,NYSE,1,67
BA,,1,68
BKNG,,1,69
BSX,,1,70
BMY,,1,71
AVGO,,1,72
BR,,1,73
BRO,,1,74
BF-B,NYSE,1,75
BLDR,,1,76
BG,,1,77
BXP,,1,78
CHRW,,1,79
CDNS,,1,80
CZR,,1,81
CPT,,1,82
CPB,,1,83
COF,,1,84
CAH,,1,85
KMX,,1,86
CCL,,1,87
CARR,,1,88
CAT,,1,89
CBOE,,1,90
CBRE,,1,91
CDW,,1,92
COR,,1,93
CNC,,1,94
CNP,,1,95
CF,,1,96
CRL,,1,97
SCHW,,1,98
CHTR,,1,99
CVX,,1,100
CMG,,1,101
CB,,1,102
CHD,,1,103
CI,,1,104
CINF,,1,105
CTAS,,1,106
CSCO,,1,107
C,,1,108
CFG,,1,109
CLX,,1,110
CME,,1,111
CMS,,1,112
KO,,1,113
CTSH,,1,114
COIN,,1,115
CL,,1,116
CMCSA,,1,117
CAG,,1,118
COP,,1,119
ED,,1,120
STZ,,1,121
CEG,,1,122
COO,,1,123
CPRT,,1,124
GLW,,1,125
CPAY,,1,126
CTVA,,1,127
CSGP,,1,128
COST,,1,129
CTRA,NYSE,1,130
CRWD,,1,131
CCI,,1,132
CSX,,1,133
CMI,,1,134
CVS,,1,135
DHR,,1,136
DRI,,1,137
DDOG,,1,138
DVA,,1,139
DAY,,1,140
DECK,,1,141
DE,,1,142
DELL,,1,143
DAL,,1,144
DVN,,1,145
DXCM,,1,146
FANG,,1,147
DLR,,1,148
DG,,1,149
DLTR,,1,150
D,,1,151
DPZ,,1,152
DASH,,1,153
DOV,,1,154
DOW,NYSE,1,155
DHI,,1,156
DTE,NYSE,1,157
DUK,,1,158
DD,,1,159
EMN,,1,160
ETN,,1,161
EBAY,,1,162
ECL,,1,163
EIX,,1,164
EW,,1,165
EA,,1,166
ELV,,1,167
EMR,,1,168
ENPH,,1,169
ETR,,1,170
EOG,,1,171
EPAM,,1,172
EQT,,1,173
EFX,,1,174
EQIX,,1,175
EQR,NYSE,1,176
ERIE,,1,177
ESS,,1,178
EL,,1,179
EG,NYSE,1,180
EVRG,,1,181
ES,,1,182
EXC,,1,183
EXE,,1,184
EXPE,,1,185
EXPD,,1,186
EXR,,1,187
XOM,,1,188
FFIV,,1,189
FDS,,1,190
FICO,,1,191
FAST,,1,192
FRT,,1,193
FDX,,1,194
FIS,,1,195
FITB,,1,196
FSLR,,1,197
FE,,1,198
FI,NYSE,1,199
F,,1,200
FTNT,,1,201
FTV,,1,202
FOXA,,1,203
FOX,,1,204
BEN,,1,205
FCX,,1,206
GRMN,,1,207
IT,,1,208
GE,,1,209
GEHC,,1,210
GEV,,1,211
GEN,,1,212
GNRC,,1,213
GD,,1,214
GIS,,1,215
GM,,1,216
GPC,,1,217
GILD,,1,218
GPN,,1,219
GL,,1,220
GDDY,,1,221
GS,,1,222
HAL,NYSE,1,223
HIG,,1,224
HAS,,1,225
HCA,,1,226
DOC,,1,227
HSIC,,1,228
HSY,,1,229
HPE,,1,230
HLT,,1,231
HOLX,NASDAQ,1,232
HD,,1,233
HON,,1,234
HRL,,1,235
HST,,1,236
HWM,,1,237
HPQ,,1,238
HUBB,,1,239
HUM,,1,240
HBAN,,1,241
HII,,1,242
IBM,,1,243
IEX,NYSE,1,244
IDXX,,1,245
ITW,,1,246
INCY,,1,247
IR,,1,248
PODD,,1,249
INTC,,1,250
IBKR,,1,251
ICE,,1,252
IFF,,1,253
IP,,1,254
IPG,NYSE,1,255
INTU,,1,256
ISRG,,1,257
IVZ,,1,258
INVH,,1,259
IQV,,1,260
IRM,,1,261
JBHT,,1,262
JBL,,1,263
JKHY,,1,264
J,,1,265
JNJ,,1,266
JCI,,1,267
JPM,,1,268
K,NYSE,1,269
KVUE,,1,270
KDP,,1,271
KEY,,1,272
KEYS,,1,273
KMB,,1,274
KIM,,1,275
KMI,,1,276
KKR,,1,277
KLAC,,1,278
KHC,,1,279
KR,,1,280
LHX,,1,281
LH,,1,282
LRCX,,1,283
LW,,1,284
LVS,,1,285
LDOS,,1,286
LEN,,1,287
LII,,1,288
LLY,,1,289
LIN,,1,290
LYV,,1,291
LKQ,,1,292
LMT,,1,293
L,,1,294
LOW,,1,295
LULU,,1,296
LYB,,1,297
MTB,,1,298
MPC,,1,299
MKTX,,1,300
MAR,,1,301
MMC,NYSE,1,302
MLM,,1,303
MAS,,1,304
MA,,1,305
MTCH,,1,306
MKC,,1,307
MCD,,1,308
MCK,,1,309
MDT,,1,310
MRK,,1,311
META,,1,312
MET,,1,313
MTD,,1,314
MGM,,1,315
MCHP,,1,316
MU,,1,317
MSFT,,1,318
MAA,,1,319
MRNA,,1,320
MHK,,1,321
MOH,,1,322
TAP,,1,323
MDLZ,,1,324
MPWR,,1,325
MNST,,1,326
MCO,,1,327
MS,,1,328
MOS,,1,329
MSI,,1,330
MSCI,,1,331
NDAQ,,1,332
NTAP,,1,333
NFLX,,1,334
NEM,,1,335
NWSA,,1,336
NWS,,1,337
NEE,,1,338
NKE,,1,339
NI,,1,340
NDSN,,1,341
NSC,,1,342
NTRS,,1,343
NOC,,1,344
NCLH,,1,345
NRG,,1,346
NUE,,1,347
NVDA,,1,348
NVR,,1,349
NXPI,,1,350
ORLY,,1,351
OXY,,1,352
ODFL,,1,353
OMC,,1,354
ON,,1,355
OKE,,1,356
ORCL,,1,357
OTIS,,1,358
PCAR,,1,359
PKG,,1,360
PLTR,,1,361
PANW,,1,362
PSKY,,1,363
PH,,1,364
PAYX,,1,365
PAYC,,1,366
PYPL,,1,367
PNR,,1,368
PEP,,1,369
PFE,,1,370
PCG,,1,371
PM,,1,372
PSX,,1,373
PNW,,1,374
PNC,,1,375
POOL,,1,376
PPG,,1,377
PPL,,1,378
PFG,,1,379
PG,,1,380
PGR,,1,381
PLD,,1,382
PRU,,1,383
PEG,,1,384
PTC,,1,385
PSA,,1,386
PHM,,1,387
PWR,,1,388
QCOM,,1,389
DGX,,1,390
RL,,1,391
RJF,,1,392
RTX,,1,393
O,,1,394
REG,,1,395
REGN,,1,396
RF,,1,397
RSG,,1,398
RMD,,1,399
RVTY,,1,400
ROK,,1,401
ROL,,1,402
ROP,,1,403
ROST,,1,404
RCL,,1,405
SPGI,,1,406
CRM,,1,407
SBAC,,1,408
SLB,,1,409
STX,,1,410
SRE,,1,411
NOW,,1,412
SHW,,1,413
SPG,,1,414
SWKS,,1,415
SJM,,1,416
SW,,1,417
SNA,,1,418
SOLV,,1,419
SO,,1,420
LUV,,1,421
SWK,,1,422
SBUX,,1,423
STT,,1,424
STLD,,1,425
STE,,1,426
SYK,,1,427
SMCI,,1,428
SYF,,1,429
SNPS,,1,430
SYY,,1,431
TMUS,,1,432
TROW,,1,433
TTWO,,1,434
TPR,,1,435
TRGP,,1,436
TGT,,1,437
TEL,,1,438
TDY,,1,439
TER,,1,440
TSLA,,1,441
TXN,,1,442
TPL,,1,443
TXT,,1,444
TMO,,1,445
TJX,,1,446
TKO,,1,447
TTD,,1,448
TSCO,,1,449
TT,,1,450
TDG,,1,451
TRV,,1,452
TRMB,,1,453
TFC,,1,454
TYL,,1,455
TSN,,1,456
USB,,1,457
UBER,,1,458
UDR,,1,459
ULTA,,1,460
UNP,,1,461
UAL,,1,462
UPS,,1,463
URI,,1,464
UNH,,1,465
UHS,,1,466
VLO,,1,467
VTR,,1,468
VLTO,,1,469
VRSN,,1,470
VRSK,,1,471
VZ,,1,472
VRTX,,1,473
VTRS,,1,474
VICI,,1,475
V,,1,476
VST,,1,477
VMC,,1,478
WRB,,1,479
GWW,,1,480
WAB,,1,481
WMT,,1,482
DIS,,1,483
WBD,,1,484
WM,,1,485
WAT,,1,486
WEC,,1,487
WFC,,1,488
WELL,,1,489
WST,,1,490
WDC,,1,491
WY,,1,492
WSM,,1,493
WMB,,1,494
WTW,,1,495
WDAY,,1,496
WYNN,,1,497
XEL,,1,498
XYL,,1,499
YUM,,1,500
ZBRA,,1,501
ZBH,,1,502
ZTS,,1,503
SBNY,,1,504
FRC,,1,505
